,date,tmax
3653,2010-01-01,3.2
3654,2010-01-02,5.4
3655,2010-01-03,3.2
3656,2010-01-04,1.9
3657,2010-01-05,3.2
3658,2010-01-06,1.9
3659,2010-01-07,1.3
3660,2010-01-08,1.5
3661,2010-01-09,1.4
3662,2010-01-10,2.7
3663,2010-01-11,3.1
3664,2010-01-12,3.2
3665,2010-01-13,3.1
3666,2010-01-14,5.1
3667,2010-01-15,7.4
3668,2010-01-16,8.8
3669,2010-01-17,9.5
3670,2010-01-18,8.8
3671,2010-01-19,8.8
3672,2010-01-20,6.1
3673,2010-01-21,7.0
3674,2010-01-22,9.3
3675,2010-01-23,8.6
3676,2010-01-24,6.6
3677,2010-01-25,5.2
3678,2010-01-26,2.0
3679,2010-01-27,7.1
3680,2010-01-28,7.4
3681,2010-01-29,5.9
3682,2010-01-30,4.1
3683,2010-01-31,4.2
3684,2010-02-01,4.7
3685,2010-02-02,8.0
3686,2010-02-03,9.0
3687,2010-02-04,9.0
3688,2010-02-05,11.0
3689,2010-02-06,6.6
3690,2010-02-07,5.2
3691,2010-02-08,3.0
3692,2010-02-09,5.1
3693,2010-02-10,2.0
3694,2010-02-11,3.0
3695,2010-02-12,4.4
3696,2010-02-13,3.0
3697,2010-02-14,4.0
3698,2010-02-15,3.8
3699,2010-02-16,5.6
3700,2010-02-17,7.0
3701,2010-02-18,6.0
3702,2010-02-19,6.4
3703,2010-02-20,6.0
3704,2010-02-21,7.0
3705,2010-02-22,4.4
3706,2010-02-23,4.1
3707,2010-02-24,10.0
3708,2010-02-25,9.5
3709,2010-02-26,9.0
3710,2010-02-27,10.0
3711,2010-02-28,6.9
3712,2010-03-01,9.0
3713,2010-03-02,9.0
3714,2010-03-03,5.0
3715,2010-03-04,6.0
3716,2010-03-05,8.0
3717,2010-03-06,5.0
3718,2010-03-07,4.8
3719,2010-03-08,6.0
3720,2010-03-09,7.7
3721,2010-03-10,5.0
3722,2010-03-11,5.9
3723,2010-03-12,8.0
3724,2010-03-13,8.7
3725,2010-03-14,11.0
3726,2010-03-15,12.7
3727,2010-03-16,12.0
3728,2010-03-17,15.0
3729,2010-03-18,16.0
3730,2010-03-19,11.9
3731,2010-03-20,13.0
3732,2010-03-21,13.0
3733,2010-03-22,12.3
3734,2010-03-23,11.0
3735,2010-03-24,17.2
3736,2010-03-25,14.8
3737,2010-03-26,13.0
3738,2010-03-27,13.0
3739,2010-03-28,13.3
3740,2010-03-29,12.0
3741,2010-03-30,12.3
3742,2010-03-31,6.8
3743,2010-04-01,9.0
3744,2010-04-02,10.0
3745,2010-04-03,12.0
3746,2010-04-04,11.0
3747,2010-04-05,12.0
3748,2010-04-06,15.0
3749,2010-04-07,12.0
3750,2010-04-08,15.0
3751,2010-04-09,18.0
3752,2010-04-10,15.0
3753,2010-04-11,12.0
3754,2010-04-12,13.5
3755,2010-04-13,14.0
3756,2010-04-14,11.9
3757,2010-04-15,13.0
3758,2010-04-16,13.8
3759,2010-04-17,15.0
3760,2010-04-18,18.0
3761,2010-04-19,13.0
3762,2010-04-20,13.0
3763,2010-04-21,12.0
3764,2010-04-22,12.0
3765,2010-04-23,15.0
3766,2010-04-24,20.0
3767,2010-04-25,18.0
3768,2010-04-26,17.0
3769,2010-04-27,19.0
3770,2010-04-28,21.0
3771,2010-04-29,19.0
3772,2010-04-30,15.0
3773,2010-05-01,16.1
3774,2010-05-02,10.0
3775,2010-05-03,10.9
3776,2010-05-04,11.9
3777,2010-05-05,14.0
3778,2010-05-06,14.0
3779,2010-05-07,12.0
3780,2010-05-08,9.0
3781,2010-05-09,11.0
3782,2010-05-10,11.0
3783,2010-05-11,9.0
3784,2010-05-12,11.0
3785,2010-05-13,12.0
3786,2010-05-14,14.2
3787,2010-05-15,17.4
3788,2010-05-16,15.0
3789,2010-05-17,16.0
3790,2010-05-18,17.0
3791,2010-05-19,20.0
3792,2010-05-20,22.0
3793,2010-05-21,22.0
3794,2010-05-22,21.0
3795,2010-05-23,27.3
3796,2010-05-24,28.0
3797,2010-05-25,19.3
3798,2010-05-26,15.0
3799,2010-05-27,16.0
3800,2010-05-28,19.0
3801,2010-05-29,15.0
3802,2010-05-30,18.0
3803,2010-05-31,16.0
3804,2010-06-01,13.0
3805,2010-06-02,21.5
3806,2010-06-03,22.7
3807,2010-06-04,24.0
3808,2010-06-05,26.0
3809,2010-06-06,22.3
3810,2010-06-07,20.0
3811,2010-06-08,19.0
3812,2010-06-09,20.0
3813,2010-06-10,18.0
3814,2010-06-11,20.0
3815,2010-06-12,18.0
3816,2010-06-13,20.0
3817,2010-06-14,20.6
3818,2010-06-15,17.0
3819,2010-06-16,19.7
3820,2010-06-17,22.2
3821,2010-06-18,17.0
3822,2010-06-19,14.0
3823,2010-06-20,17.0
3824,2010-06-21,22.0
3825,2010-06-22,26.0
3826,2010-06-23,27.0
3827,2010-06-24,25.0
3828,2010-06-25,25.0
3829,2010-06-26,24.0
3830,2010-06-27,30.0
3831,2010-06-28,27.6
3832,2010-06-29,26.0
3833,2010-06-30,25.0
3834,2010-07-01,25.0
3835,2010-07-02,27.0
3836,2010-07-03,25.0
3837,2010-07-04,23.0
3838,2010-07-05,23.0
3839,2010-07-06,22.0
3840,2010-07-07,22.5
3841,2010-07-08,26.0
3842,2010-07-09,31.0
3843,2010-07-10,29.0
3844,2010-07-11,26.0
3845,2010-07-12,22.0
3846,2010-07-13,21.0
3847,2010-07-14,20.7
3848,2010-07-15,20.0
3849,2010-07-16,20.0
3850,2010-07-17,21.0
3851,2010-07-18,24.0
3852,2010-07-19,28.0
3853,2010-07-20,27.0
3854,2010-07-21,24.0
3855,2010-07-22,21.8
3856,2010-07-23,20.0
3857,2010-07-24,24.9
3858,2010-07-25,25.0
3859,2010-07-26,22.0
3860,2010-07-27,25.0
3861,2010-07-28,25.2
3862,2010-07-29,20.9
3863,2010-07-30,22.0
3864,2010-07-31,23.9
3865,2010-08-01,22.0
3866,2010-08-02,21.0
3867,2010-08-03,22.0
3868,2010-08-04,20.0
3869,2010-08-05,20.3
3870,2010-08-06,20.0
3871,2010-08-07,22.0
3872,2010-08-08,22.0
3873,2010-08-09,23.0
3874,2010-08-10,19.0
3875,2010-08-11,21.0
3876,2010-08-12,19.0
3877,2010-08-13,17.3
3878,2010-08-14,17.8
3879,2010-08-15,21.0
3880,2010-08-16,23.0
3881,2010-08-17,20.0
3882,2010-08-18,21.0
3883,2010-08-19,21.0
3884,2010-08-20,20.8
3885,2010-08-21,22.0
3886,2010-08-22,22.0
3887,2010-08-23,20.1
3888,2010-08-24,21.0
3889,2010-08-25,17.8
3890,2010-08-26,18.8
3891,2010-08-27,17.0
3892,2010-08-28,19.0
3893,2010-08-29,19.0
3894,2010-08-30,18.0
3895,2010-08-31,19.0
3896,2010-09-01,20.0
3897,2010-09-02,21.3
3898,2010-09-03,20.0
3899,2010-09-04,19.0
3900,2010-09-05,19.0
3901,2010-09-06,19.0
3902,2010-09-07,18.7
3903,2010-09-08,18.0
3904,2010-09-09,20.0
3905,2010-09-10,21.4
3906,2010-09-11,21.6
3907,2010-09-12,20.0
3908,2010-09-13,18.0
3909,2010-09-14,19.4
3910,2010-09-15,18.0
3911,2010-09-16,17.0
3912,2010-09-17,15.0
3913,2010-09-18,16.0
3914,2010-09-19,17.4
3915,2010-09-20,21.0
3916,2010-09-21,21.0
3917,2010-09-22,23.0
3918,2010-09-23,18.0
3919,2010-09-24,13.8
3920,2010-09-25,13.6
3921,2010-09-26,13.0
3922,2010-09-27,15.3
3923,2010-09-28,16.9
3924,2010-09-29,17.0
3925,2010-09-30,16.0
3926,2010-10-01,15.8
3927,2010-10-02,16.0
3928,2010-10-03,18.0
3929,2010-10-04,16.4
3930,2010-10-05,17.0
3931,2010-10-06,18.0
3932,2010-10-07,17.0
3933,2010-10-08,19.0
3934,2010-10-09,16.0
3935,2010-10-10,19.0
3936,2010-10-11,18.0
3937,2010-10-12,15.0
3938,2010-10-13,12.0
3939,2010-10-14,11.0
3940,2010-10-15,13.0
3941,2010-10-16,13.0
3942,2010-10-17,13.0
3943,2010-10-18,14.0
3944,2010-10-19,12.6
3945,2010-10-20,8.6
3946,2010-10-21,11.4
3947,2010-10-22,13.0
3948,2010-10-23,13.0
3949,2010-10-24,10.0
3950,2010-10-25,12.1
3951,2010-10-26,13.5
3952,2010-10-27,17.0
3953,2010-10-28,15.0
3954,2010-10-29,14.5
3955,2010-10-30,14.5
3956,2010-10-31,12.0
3957,2010-11-01,13.4
3958,2010-11-02,15.0
3959,2010-11-03,16.3
3960,2010-11-04,18.0
3961,2010-11-05,17.0
3962,2010-11-06,11.0
3963,2010-11-07,9.0
3964,2010-11-08,8.0
3965,2010-11-09,9.0
3966,2010-11-10,7.5
3967,2010-11-11,15.0
3968,2010-11-12,11.5
3969,2010-11-13,11.0
3970,2010-11-14,7.8
3971,2010-11-15,7.0
3972,2010-11-16,9.0
3973,2010-11-17,7.3
3974,2010-11-18,10.0
3975,2010-11-19,11.5
3976,2010-11-20,8.0
3977,2010-11-21,7.4
3978,2010-11-22,7.1
3979,2010-11-23,7.0
3980,2010-11-24,5.0
3981,2010-11-25,4.0
3982,2010-11-26,3.0
3983,2010-11-27,2.0
3984,2010-11-28,2.0
3985,2010-11-29,1.2
3986,2010-11-30,1.0
3987,2010-12-01,0.0
3988,2010-12-02,-0.1
3989,2010-12-03,2.0
3990,2010-12-04,6.5
3991,2010-12-05,4.6
3992,2010-12-06,0.0
3993,2010-12-07,0.8
3994,2010-12-08,3.0
3995,2010-12-09,5.0
3996,2010-12-10,8.0
3997,2010-12-11,8.3
3998,2010-12-12,6.0
3999,2010-12-13,5.0
4000,2010-12-14,4.0
4001,2010-12-15,4.8
4002,2010-12-16,6.7
4003,2010-12-17,-0.7
4004,2010-12-18,0.0
4005,2010-12-19,0.1
4006,2010-12-20,0.9
4007,2010-12-21,1.3
4008,2010-12-22,1.2
4009,2010-12-23,3.0
4010,2010-12-24,2.0
4011,2010-12-25,0.0
4012,2010-12-26,3.0
4013,2010-12-27,4.0
4014,2010-12-28,6.0
4015,2010-12-29,7.0
4016,2010-12-30,6.0
4017,2010-12-31,7.0
4018,2011-01-01,6.7
4019,2011-01-02,4.0
4020,2011-01-03,4.0
4021,2011-01-04,5.0
4022,2011-01-05,8.0
4023,2011-01-06,7.0
4024,2011-01-07,11.0
4025,2011-01-08,9.9
4026,2011-01-09,7.0
4027,2011-01-10,8.0
4028,2011-01-11,7.6
4029,2011-01-12,13.0
4030,2011-01-13,13.5
4031,2011-01-14,12.2
4032,2011-01-15,11.0
4033,2011-01-16,13.0
4034,2011-01-17,10.0
4035,2011-01-18,7.0
4036,2011-01-19,7.0
4037,2011-01-20,6.0
4038,2011-01-21,4.1
4039,2011-01-22,7.0
4040,2011-01-23,8.0
4041,2011-01-24,7.0
4042,2011-01-25,8.1
4043,2011-01-26,6.7
4044,2011-01-27,3.0
4045,2011-01-28,2.0
4046,2011-01-29,2.0
4047,2011-01-30,5.0
4048,2011-01-31,5.0
4049,2011-02-01,7.0
4050,2011-02-02,10.4
4051,2011-02-03,10.2
4052,2011-02-04,13.0
4053,2011-02-05,13.0
4054,2011-02-06,12.0
4055,2011-02-07,12.0
4056,2011-02-08,10.0
4057,2011-02-09,10.0
4058,2011-02-10,10.7
4059,2011-02-11,12.0
4060,2011-02-12,11.0
4061,2011-02-13,9.0
4062,2011-02-14,10.0
4063,2011-02-15,7.0
4064,2011-02-16,10.0
4065,2011-02-17,8.0
4066,2011-02-18,7.0
4067,2011-02-19,6.0
4068,2011-02-20,6.0
4069,2011-02-21,7.0
4070,2011-02-22,7.2
4071,2011-02-23,10.9
4072,2011-02-24,14.0
4073,2011-02-25,14.0
4074,2011-02-26,11.0
4075,2011-02-27,9.0
4076,2011-02-28,4.7
4077,2011-03-01,5.0
4078,2011-03-02,6.3
4079,2011-03-03,4.0
4080,2011-03-04,7.0
4081,2011-03-05,7.3
4082,2011-03-06,6.0
4083,2011-03-07,8.0
4084,2011-03-08,12.0
4085,2011-03-09,10.2
4086,2011-03-10,13.0
4087,2011-03-11,11.0
4088,2011-03-12,13.0
4089,2011-03-13,11.0
4090,2011-03-14,12.0
4091,2011-03-15,13.3
4092,2011-03-16,9.4
4093,2011-03-17,10.4
4094,2011-03-18,8.0
4095,2011-03-19,10.0
4096,2011-03-20,13.0
4097,2011-03-21,15.0
4098,2011-03-22,15.3
4099,2011-03-23,16.8
4100,2011-03-24,15.0
4101,2011-03-25,18.4
4102,2011-03-26,12.0
4103,2011-03-27,15.1
4104,2011-03-28,13.0
4105,2011-03-29,15.0
4106,2011-03-30,11.6
4107,2011-03-31,18.0
4108,2011-04-01,16.0
4109,2011-04-02,19.0
4110,2011-04-03,15.0
4111,2011-04-04,14.2
4112,2011-04-05,13.0
4113,2011-04-06,22.0
4114,2011-04-07,20.0
4115,2011-04-08,21.0
4116,2011-04-09,16.0
4117,2011-04-10,18.0
4118,2011-04-11,20.0
4119,2011-04-12,13.4
4120,2011-04-13,12.5
4121,2011-04-14,13.4
4122,2011-04-15,16.2
4123,2011-04-16,18.0
4124,2011-04-17,19.0
4125,2011-04-18,18.0
4126,2011-04-19,24.0
4127,2011-04-20,24.0
4128,2011-04-21,25.0
4129,2011-04-22,25.5
4130,2011-04-23,26.0
4131,2011-04-24,22.0
4132,2011-04-25,20.0
4133,2011-04-26,16.0
4134,2011-04-27,16.0
4135,2011-04-28,15.7
4136,2011-04-29,19.0
4137,2011-04-30,18.0
4138,2011-05-01,16.0
4139,2011-05-02,14.0
4140,2011-05-03,15.0
4141,2011-05-04,15.0
4142,2011-05-05,19.0
4143,2011-05-06,24.0
4144,2011-05-07,22.1
4145,2011-05-08,19.0
4146,2011-05-09,20.0
4147,2011-05-10,20.6
4148,2011-05-11,18.0
4149,2011-05-12,18.0
4150,2011-05-13,18.0
4151,2011-05-14,16.0
4152,2011-05-15,15.0
4153,2011-05-16,20.0
4154,2011-05-17,18.0
4155,2011-05-18,19.0
4156,2011-05-19,19.0
4157,2011-05-20,17.8
4158,2011-05-21,20.4
4159,2011-05-22,17.7
4160,2011-05-23,19.0
4161,2011-05-24,19.0
4162,2011-05-25,20.0
4163,2011-05-26,15.4
4164,2011-05-27,15.0
4165,2011-05-28,16.0
4166,2011-05-29,19.0
4167,2011-05-30,19.3
4168,2011-05-31,
4169,2011-06-01,21.0
4170,2011-06-02,22.0
4171,2011-06-03,24.4
4172,2011-06-04,25.1
4173,2011-06-05,18.8
4174,2011-06-06,14.5
4175,2011-06-07,18.0
4176,2011-06-08,18.0
4177,2011-06-09,18.0
4178,2011-06-10,15.4
4179,2011-06-11,18.0
4180,2011-06-12,15.0
4181,2011-06-13,21.0
4182,2011-06-14,22.0
4183,2011-06-15,20.0
4184,2011-06-16,17.1
4185,2011-06-17,14.3
4186,2011-06-18,16.6
4187,2011-06-19,18.0
4188,2011-06-20,20.2
4189,2011-06-21,20.0
4190,2011-06-22,18.0
4191,2011-06-23,19.0
4192,2011-06-24,19.0
4193,2011-06-25,24.0
4194,2011-06-26,28.0
4195,2011-06-27,32.0
4196,2011-06-28,24.0
4197,2011-06-29,20.0
4198,2011-06-30,19.0
4199,2011-07-01,20.0
4200,2011-07-02,21.0
4201,2011-07-03,23.0
4202,2011-07-04,24.0
4203,2011-07-05,24.8
4204,2011-07-06,20.0
4205,2011-07-07,18.0
4206,2011-07-08,19.0
4207,2011-07-09,20.0
4208,2011-07-10,22.0
4209,2011-07-11,23.0
4210,2011-07-12,19.0
4211,2011-07-13,17.0
4212,2011-07-14,22.3
4213,2011-07-15,23.0
4214,2011-07-16,19.0
4215,2011-07-17,18.0
4216,2011-07-18,18.0
4217,2011-07-19,20.0
4218,2011-07-20,17.8
4219,2011-07-21,19.0
4220,2011-07-22,19.7
4221,2011-07-23,18.0
4222,2011-07-24,23.0
4223,2011-07-25,21.0
4224,2011-07-26,19.0
4225,2011-07-27,20.0
4226,2011-07-28,23.0
4227,2011-07-29,20.0
4228,2011-07-30,21.2
4229,2011-07-31,24.0
4230,2011-08-01,27.0
4231,2011-08-02,28.0
4232,2011-08-03,29.0
4233,2011-08-04,21.0
4234,2011-08-05,24.0
4235,2011-08-06,19.0
4236,2011-08-07,19.0
4237,2011-08-08,20.7
4238,2011-08-09,20.0
4239,2011-08-10,22.0
4240,2011-08-11,21.7
4241,2011-08-12,
4242,2011-08-13,22.0
4243,2011-08-14,22.0
4244,2011-08-15,22.0
4245,2011-08-16,21.0
4246,2011-08-17,20.0
4247,2011-08-18,18.0
4248,2011-08-19,22.0
4249,2011-08-20,21.0
4250,2011-08-21,23.0
4251,2011-08-22,22.0
4252,2011-08-23,17.0
4253,2011-08-24,21.0
4254,2011-08-25,20.0
4255,2011-08-26,16.7
4256,2011-08-27,17.0
4257,2011-08-28,18.0
4258,2011-08-29,17.0
4259,2011-08-30,17.0
4260,2011-08-31,18.0
4261,2011-09-01,19.0
4262,2011-09-02,26.0
4263,2011-09-03,23.2
4264,2011-09-04,20.0
4265,2011-09-05,20.0
4266,2011-09-06,19.0
4267,2011-09-07,16.4
4268,2011-09-08,20.0
4269,2011-09-09,22.0
4270,2011-09-10,24.0
4271,2011-09-11,20.0
4272,2011-09-12,20.5
4273,2011-09-13,19.0
4274,2011-09-14,19.0
4275,2011-09-15,19.9
4276,2011-09-16,22.0
4277,2011-09-17,18.0
4278,2011-09-18,17.0
4279,2011-09-19,18.0
4280,2011-09-20,19.0
4281,2011-09-21,18.0
4282,2011-09-22,18.0
4283,2011-09-23,19.0
4284,2011-09-24,20.0
4285,2011-09-25,21.0
4286,2011-09-26,22.0
4287,2011-09-27,23.0
4288,2011-09-28,25.0
4289,2011-09-29,28.4
4290,2011-09-30,28.0
4291,2011-10-01,28.0
4292,2011-10-02,28.0
4293,2011-10-03,26.0
4294,2011-10-04,19.0
4295,2011-10-05,18.9
4296,2011-10-06,18.0
4297,2011-10-07,16.0
4298,2011-10-08,16.0
4299,2011-10-09,20.3
4300,2011-10-10,20.0
4301,2011-10-11,19.0
4302,2011-10-12,19.0
4303,2011-10-13,17.0
4304,2011-10-14,16.0
4305,2011-10-15,18.0
4306,2011-10-16,16.9
4307,2011-10-17,17.0
4308,2011-10-18,15.0
4309,2011-10-19,13.0
4310,2011-10-20,12.0
4311,2011-10-21,15.0
4312,2011-10-22,14.0
4313,2011-10-23,19.0
4314,2011-10-24,17.0
4315,2011-10-25,17.0
4316,2011-10-26,13.0
4317,2011-10-27,13.4
4318,2011-10-28,15.0
4319,2011-10-29,16.5
4320,2011-10-30,17.0
4321,2011-10-31,16.1
4322,2011-11-01,15.4
4323,2011-11-02,15.0
4324,2011-11-03,18.0
4325,2011-11-04,16.2
4326,2011-11-05,14.2
4327,2011-11-06,11.9
4328,2011-11-07,13.0
4329,2011-11-08,11.0
4330,2011-11-09,15.0
4331,2011-11-10,14.0
4332,2011-11-11,11.9
4333,2011-11-12,16.1
4334,2011-11-13,14.0
4335,2011-11-14,10.0
4336,2011-11-15,11.8
4337,2011-11-16,8.9
4338,2011-11-17,14.2
4339,2011-11-18,15.0
4340,2011-11-19,13.0
4341,2011-11-20,6.6
4342,2011-11-21,11.0
4343,2011-11-22,13.0
4344,2011-11-23,11.0
4345,2011-11-24,13.0
4346,2011-11-25,13.0
4347,2011-11-26,13.0
4348,2011-11-27,14.0
4349,2011-11-28,13.0
4350,2011-11-29,14.0
4351,2011-11-30,12.0
4352,2011-12-01,13.0
4353,2011-12-02,8.0
4354,2011-12-03,12.0
4355,2011-12-04,9.0
4356,2011-12-05,7.0
4357,2011-12-06,7.0
4358,2011-12-07,9.0
4359,2011-12-08,13.1
4360,2011-12-09,8.1
4361,2011-12-10,6.0
4362,2011-12-11,9.0
4363,2011-12-12,10.0
4364,2011-12-13,13.0
4365,2011-12-14,7.0
4366,2011-12-15,8.2
4367,2011-12-16,4.3
4368,2011-12-17,6.0
4369,2011-12-18,5.0
4370,2011-12-19,7.0
4371,2011-12-20,8.0
4372,2011-12-21,12.0
4373,2011-12-22,13.0
4374,2011-12-23,11.3
4375,2011-12-24,9.0
4376,2011-12-25,12.0
4377,2011-12-26,13.0
4378,2011-12-27,10.4
4379,2011-12-28,11.0
4380,2011-12-29,10.0
4381,2011-12-30,10.0
4382,2011-12-31,13.0
4383,2012-01-01,12.5
4384,2012-01-02,8.0
4385,2012-01-03,12.1
4386,2012-01-04,10.0
4387,2012-01-05,12.0
4388,2012-01-06,9.0
4389,2012-01-07,11.0
4390,2012-01-08,10.0
4391,2012-01-09,12.2
4392,2012-01-10,11.0
4393,2012-01-11,11.0
4394,2012-01-12,13.0
4395,2012-01-13,6.0
4396,2012-01-14,7.4
4397,2012-01-15,6.0
4398,2012-01-16,6.0
4399,2012-01-17,5.3
4400,2012-01-18,12.0
4401,2012-01-19,11.7
4402,2012-01-20,10.0
4403,2012-01-21,12.2
4404,2012-01-22,12.0
4405,2012-01-23,8.0
4406,2012-01-24,10.0
4407,2012-01-25,10.0
4408,2012-01-26,9.5
4409,2012-01-27,9.0
4410,2012-01-28,6.8
4411,2012-01-29,4.0
4412,2012-01-30,4.0
4413,2012-01-31,2.0
4414,2012-02-01,3.5
4415,2012-02-02,1.0
4416,2012-02-03,2.0
4417,2012-02-04,1.6
4418,2012-02-05,2.1
4419,2012-02-06,3.0
4420,2012-02-07,2.0
4421,2012-02-08,1.0
4422,2012-02-09,2.0
4423,2012-02-10,2.0
4424,2012-02-11,1.0
4425,2012-02-12,4.5
4426,2012-02-13,6.2
4427,2012-02-14,8.0
4428,2012-02-15,10.0
4429,2012-02-16,10.0
4430,2012-02-17,12.2
4431,2012-02-18,11.0
4432,2012-02-19,6.0
4433,2012-02-20,9.0
4434,2012-02-21,12.0
4435,2012-02-22,10.7
4436,2012-02-23,17.0
4437,2012-02-24,15.0
4438,2012-02-25,12.0
4439,2012-02-26,13.0
4440,2012-02-27,11.0
4441,2012-02-28,14.0
4442,2012-02-29,13.0
4443,2012-03-01,15.0
4444,2012-03-02,8.0
4445,2012-03-03,15.0
4446,2012-03-04,9.1
4447,2012-03-05,9.4
4448,2012-03-06,8.3
4449,2012-03-07,11.0
4450,2012-03-08,11.0
4451,2012-03-09,11.0
4452,2012-03-10,15.0
4453,2012-03-11,17.1
4454,2012-03-12,12.0
4455,2012-03-13,8.7
4456,2012-03-14,11.0
4457,2012-03-15,16.2
4458,2012-03-16,10.0
4459,2012-03-17,11.0
4460,2012-03-18,8.6
4461,2012-03-19,13.0
4462,2012-03-20,14.0
4463,2012-03-21,15.0
4464,2012-03-22,15.0
4465,2012-03-23,19.0
4466,2012-03-24,19.6
4467,2012-03-25,15.8
4468,2012-03-26,18.9
4469,2012-03-27,17.0
4470,2012-03-28,21.4
4471,2012-03-29,18.0
4472,2012-03-30,18.0
4473,2012-03-31,11.0
4474,2012-04-01,13.0
4475,2012-04-02,15.0
4476,2012-04-03,13.0
4477,2012-04-04,10.0
4478,2012-04-05,9.0
4479,2012-04-06,12.0
4480,2012-04-07,10.0
4481,2012-04-08,14.0
4482,2012-04-09,11.0
4483,2012-04-10,12.0
4484,2012-04-11,14.0
4485,2012-04-12,12.0
4486,2012-04-13,12.0
4487,2012-04-14,11.0
4488,2012-04-15,8.9
4489,2012-04-16,10.0
4490,2012-04-17,14.0
4491,2012-04-18,11.0
4492,2012-04-19,10.0
4493,2012-04-20,13.0
4494,2012-04-21,12.0
4495,2012-04-22,14.0
4496,2012-04-23,10.0
4497,2012-04-24,12.0
4498,2012-04-25,12.1
4499,2012-04-26,14.0
4500,2012-04-27,15.0
4501,2012-04-28,9.5
4502,2012-04-29,16.0
4503,2012-04-30,18.4
4504,2012-05-01,17.0
4505,2012-05-02,14.4
4506,2012-05-03,9.2
4507,2012-05-04,9.0
4508,2012-05-05,9.7
4509,2012-05-06,9.0
4510,2012-05-07,15.0
4511,2012-05-08,17.0
4512,2012-05-09,16.0
4513,2012-05-10,18.0
4514,2012-05-11,16.0
4515,2012-05-12,14.0
4516,2012-05-13,17.0
4517,2012-05-14,12.0
4518,2012-05-15,12.0
4519,2012-05-16,13.1
4520,2012-05-17,15.5
4521,2012-05-18,15.8
4522,2012-05-19,17.0
4523,2012-05-20,12.0
4524,2012-05-21,16.0
4525,2012-05-22,23.0
4526,2012-05-23,24.0
4527,2012-05-24,25.0
4528,2012-05-25,23.0
4529,2012-05-26,24.0
4530,2012-05-27,25.0
4531,2012-05-28,27.0
4532,2012-05-29,21.0
4533,2012-05-30,24.0
4534,2012-05-31,19.4
4535,2012-06-01,20.3
4536,2012-06-02,17.0
4537,2012-06-03,12.0
4538,2012-06-04,14.0
4539,2012-06-05,14.7
4540,2012-06-06,18.0
4541,2012-06-07,17.3
4542,2012-06-08,15.0
4543,2012-06-09,17.8
4544,2012-06-10,17.0
4545,2012-06-11,14.0
4546,2012-06-12,13.2
4547,2012-06-13,18.0
4548,2012-06-14,18.0
4549,2012-06-15,18.0
4550,2012-06-16,17.2
4551,2012-06-17,20.0
4552,2012-06-18,19.0
4553,2012-06-19,19.8
4554,2012-06-20,21.0
4555,2012-06-21,20.0
4556,2012-06-22,17.5
4557,2012-06-23,20.0
4558,2012-06-24,20.0
4559,2012-06-25,21.0
4560,2012-06-26,21.7
4561,2012-06-27,23.0
4562,2012-06-28,28.0
4563,2012-06-29,21.0
4564,2012-06-30,21.0
4565,2012-07-01,18.0
4566,2012-07-02,19.0
4567,2012-07-03,19.0
4568,2012-07-04,22.0
4569,2012-07-05,21.6
4570,2012-07-06,21.0
4571,2012-07-07,18.9
4572,2012-07-08,18.0
4573,2012-07-09,19.0
4574,2012-07-10,18.0
4575,2012-07-11,19.0
4576,2012-07-12,19.0
4577,2012-07-13,20.0
4578,2012-07-14,16.0
4579,2012-07-15,19.0
4580,2012-07-16,17.2
4581,2012-07-17,23.0
4582,2012-07-18,19.0
4583,2012-07-19,20.0
4584,2012-07-20,18.0
4585,2012-07-21,20.0
4586,2012-07-22,23.0
4587,2012-07-23,27.0
4588,2012-07-24,29.2
4589,2012-07-25,29.0
4590,2012-07-26,25.0
4591,2012-07-27,24.0
4592,2012-07-28,21.0
4593,2012-07-29,19.0
4594,2012-07-30,20.0
4595,2012-07-31,21.0
4596,2012-08-01,22.0
4597,2012-08-02,21.0
4598,2012-08-03,22.6
4599,2012-08-04,20.0
4600,2012-08-05,21.0
4601,2012-08-06,21.0
4602,2012-08-07,20.0
4603,2012-08-08,23.0
4604,2012-08-09,25.0
4605,2012-08-10,26.0
4606,2012-08-11,22.0
4607,2012-08-12,26.0
4608,2012-08-13,23.0
4609,2012-08-14,24.0
4610,2012-08-15,23.0
4611,2012-08-16,21.0
4612,2012-08-17,28.0
4613,2012-08-18,30.0
4614,2012-08-19,30.0
4615,2012-08-20,25.0
4616,2012-08-21,21.6
4617,2012-08-22,22.1
4618,2012-08-23,21.0
4619,2012-08-24,20.0
4620,2012-08-25,20.6
4621,2012-08-26,21.0
4622,2012-08-27,21.0
4623,2012-08-28,22.0
4624,2012-08-29,20.0
4625,2012-08-30,17.0
4626,2012-08-31,18.0
4627,2012-09-01,21.0
4628,2012-09-02,19.0
4629,2012-09-03,24.0
4630,2012-09-04,24.0
4631,2012-09-05,20.0
4632,2012-09-06,21.0
4633,2012-09-07,26.0
4634,2012-09-08,28.0
4635,2012-09-09,28.0
4636,2012-09-10,21.0
4637,2012-09-11,18.0
4638,2012-09-12,19.0
4639,2012-09-13,18.0
4640,2012-09-14,20.0
4641,2012-09-15,21.1
4642,2012-09-16,18.0
4643,2012-09-17,19.0
4644,2012-09-18,17.0
4645,2012-09-19,16.0
4646,2012-09-20,18.0
4647,2012-09-21,16.0
4648,2012-09-22,15.0
4649,2012-09-23,13.0
4650,2012-09-24,16.0
4651,2012-09-25,15.0
4652,2012-09-26,15.0
4653,2012-09-27,16.0
4654,2012-09-28,18.0
4655,2012-09-29,16.0
4656,2012-09-30,17.0
4657,2012-10-01,16.0
4658,2012-10-02,17.0
4659,2012-10-03,15.0
4660,2012-10-04,16.0
4661,2012-10-05,16.0
4662,2012-10-06,14.0
4663,2012-10-07,14.0
4664,2012-10-08,12.0
4665,2012-10-09,13.0
4666,2012-10-10,14.0
4667,2012-10-11,15.0
4668,2012-10-12,15.0
4669,2012-10-13,12.0
4670,2012-10-14,12.0
4671,2012-10-15,12.9
4672,2012-10-16,15.0
4673,2012-10-17,16.0
4674,2012-10-18,16.0
4675,2012-10-19,14.0
4676,2012-10-20,13.9
4677,2012-10-21,12.0
4678,2012-10-22,14.0
4679,2012-10-23,14.0
4680,2012-10-24,16.0
4681,2012-10-25,13.0
4682,2012-10-26,10.0
4683,2012-10-27,7.0
4684,2012-10-28,9.0
4685,2012-10-29,13.0
4686,2012-10-30,10.0
4687,2012-10-31,12.0
4688,2012-11-01,12.0
4689,2012-11-02,11.0
4690,2012-11-03,9.0
4691,2012-11-04,9.0
4692,2012-11-05,9.0
4693,2012-11-06,10.0
4694,2012-11-07,10.0
4695,2012-11-08,12.0
4696,2012-11-09,12.0
4697,2012-11-10,11.0
4698,2012-11-11,10.0
4699,2012-11-12,12.2
4700,2012-11-13,15.0
4701,2012-11-14,12.0
4702,2012-11-15,8.0
4703,2012-11-16,9.5
4704,2012-11-17,13.0
4705,2012-11-18,9.0
4706,2012-11-19,11.0
4707,2012-11-20,14.0
4708,2012-11-21,12.0
4709,2012-11-22,13.0
4710,2012-11-23,11.0
4711,2012-11-24,9.7
4712,2012-11-25,13.0
4713,2012-11-26,10.3
4714,2012-11-27,8.0
4715,2012-11-28,6.7
4716,2012-11-29,6.0
4717,2012-11-30,5.0
4718,2012-12-01,6.0
4719,2012-12-02,5.0
4720,2012-12-03,10.0
4721,2012-12-04,8.0
4722,2012-12-05,3.0
4723,2012-12-06,5.0
4724,2012-12-07,6.4
4725,2012-12-08,6.4
4726,2012-12-09,9.0
4727,2012-12-10,6.0
4728,2012-12-11,1.6
4729,2012-12-12,1.0
4730,2012-12-13,1.0
4731,2012-12-14,10.3
4732,2012-12-15,11.0
4733,2012-12-16,10.0
4734,2012-12-17,9.0
4735,2012-12-18,7.5
4736,2012-12-19,7.6
4737,2012-12-20,10.0
4738,2012-12-21,10.0
4739,2012-12-22,13.2
4740,2012-12-23,13.0
4741,2012-12-24,12.0
4742,2012-12-25,9.0
4743,2012-12-26,10.0
4744,2012-12-27,8.0
4745,2012-12-28,12.0
4746,2012-12-29,12.0
4747,2012-12-30,11.0
4748,2012-12-31,11.3
4749,2013-01-01,9.0
4750,2013-01-02,11.0
4751,2013-01-03,11.4
4752,2013-01-04,11.0
4753,2013-01-05,11.0
4754,2013-01-06,9.0
4755,2013-01-07,9.0
4756,2013-01-08,11.0
4757,2013-01-09,9.0
4758,2013-01-10,2.7
4759,2013-01-11,4.0
4760,2013-01-12,4.0
4761,2013-01-13,4.0
4762,2013-01-14,4.0
4763,2013-01-15,2.0
4764,2013-01-16,0.0
4765,2013-01-17,2.4
4766,2013-01-18,1.7
4767,2013-01-19,0.7
4768,2013-01-20,-0.3
4769,2013-01-21,1.0
4770,2013-01-22,3.0
4771,2013-01-23,3.0
4772,2013-01-24,2.0
4773,2013-01-25,3.0
4774,2013-01-26,7.8
4775,2013-01-27,10.0
4776,2013-01-28,10.9
4777,2013-01-29,13.0
4778,2013-01-30,12.6
4779,2013-01-31,10.0
4780,2013-02-01,7.9
4781,2013-02-02,5.2
4782,2013-02-03,9.0
4783,2013-02-04,10.0
4784,2013-02-05,7.0
4785,2013-02-06,5.6
4786,2013-02-07,5.0
4787,2013-02-08,5.0
4788,2013-02-09,4.0
4789,2013-02-10,5.0
4790,2013-02-11,2.0
4791,2013-02-12,1.9
4792,2013-02-13,3.0
4793,2013-02-14,10.0
4794,2013-02-15,9.0
4795,2013-02-16,10.0
4796,2013-02-17,10.6
4797,2013-02-18,7.0
4798,2013-02-19,11.0
4799,2013-02-20,4.0
4800,2013-02-21,2.0
4801,2013-02-22,1.0
4802,2013-02-23,2.0
4803,2013-02-24,2.0
4804,2013-02-25,4.0
4805,2013-02-26,5.0
4806,2013-02-27,6.0
4807,2013-02-28,9.1
4808,2013-03-01,6.0
4809,2013-03-02,5.0
4810,2013-03-03,8.0
4811,2013-03-04,8.0
4812,2013-03-05,16.0
4813,2013-03-06,13.0
4814,2013-03-07,9.9
4815,2013-03-08,9.0
4816,2013-03-09,8.0
4817,2013-03-10,3.0
4818,2013-03-11,1.0
4819,2013-03-12,4.0
4820,2013-03-13,5.0
4821,2013-03-14,6.0
4822,2013-03-15,8.0
4823,2013-03-16,8.0
4824,2013-03-17,7.0
4825,2013-03-18,7.5
4826,2013-03-19,7.0
4827,2013-03-20,6.0
4828,2013-03-21,6.0
4829,2013-03-22,5.0
4830,2013-03-23,3.0
4831,2013-03-24,2.0
4832,2013-03-25,2.0
4833,2013-03-26,2.0
4834,2013-03-27,3.0
4835,2013-03-28,4.0
4836,2013-03-29,4.0
4837,2013-03-30,4.0
4838,2013-03-31,
4839,2013-04-01,5.0
4840,2013-04-02,6.0
4841,2013-04-03,4.0
4842,2013-04-04,3.0
4843,2013-04-05,8.0
4844,2013-04-06,9.7
4845,2013-04-07,10.0
4846,2013-04-08,9.0
4847,2013-04-09,8.0
4848,2013-04-10,11.0
4849,2013-04-11,10.0
4850,2013-04-12,11.0
4851,2013-04-13,12.0
4852,2013-04-14,19.5
4853,2013-04-15,16.0
4854,2013-04-16,16.0
4855,2013-04-17,18.0
4856,2013-04-18,14.0
4857,2013-04-19,12.7
4858,2013-04-20,11.0
4859,2013-04-21,14.0
4860,2013-04-22,14.0
4861,2013-04-23,20.0
4862,2013-04-24,19.0
4863,2013-04-25,22.0
4864,2013-04-26,14.0
4865,2013-04-27,9.0
4866,2013-04-28,11.0
4867,2013-04-29,13.1
4868,2013-04-30,13.0
4869,2013-05-01,15.0
4870,2013-05-02,17.3
4871,2013-05-03,20.0
4872,2013-05-04,17.0
4873,2013-05-05,18.0
4874,2013-05-06,20.0
4875,2013-05-07,18.0
4876,2013-05-08,17.0
4877,2013-05-09,14.0
4878,2013-05-10,18.0
4879,2013-05-11,13.7
4880,2013-05-12,15.0
4881,2013-05-13,14.0
4882,2013-05-14,11.0
4883,2013-05-15,14.0
4884,2013-05-16,16.5
4885,2013-05-17,11.0
4886,2013-05-18,15.0
4887,2013-05-19,17.0
4888,2013-05-20,17.0
4889,2013-05-21,16.0
4890,2013-05-22,14.0
4891,2013-05-23,10.0
4892,2013-05-24,9.0
4893,2013-05-25,14.0
4894,2013-05-26,19.0
4895,2013-05-27,17.0
4896,2013-05-28,12.0
4897,2013-05-29,12.0
4898,2013-05-30,13.0
4899,2013-05-31,20.9
4900,2013-06-01,17.0
4901,2013-06-02,17.0
4902,2013-06-03,16.0
4903,2013-06-04,19.0
4904,2013-06-05,20.0
4905,2013-06-06,21.9
4906,2013-06-07,20.1
4907,2013-06-08,16.0
4908,2013-06-09,14.0
4909,2013-06-10,14.0
4910,2013-06-11,17.0
4911,2013-06-12,17.0
4912,2013-06-13,16.8
4913,2013-06-14,19.2
4914,2013-06-15,17.0
4915,2013-06-16,17.0
4916,2013-06-17,20.0
4917,2013-06-18,21.0
4918,2013-06-19,26.0
4919,2013-06-20,21.0
4920,2013-06-21,21.0
4921,2013-06-22,16.6
4922,2013-06-23,16.7
4923,2013-06-24,16.0
4924,2013-06-25,19.0
4925,2013-06-26,21.0
4926,2013-06-27,19.0
4927,2013-06-28,20.0
4928,2013-06-29,21.0
4929,2013-06-30,26.0
4930,2013-07-01,21.0
4931,2013-07-02,18.0
4932,2013-07-03,20.0
4933,2013-07-04,24.0
4934,2013-07-05,24.0
4935,2013-07-06,26.0
4936,2013-07-07,27.0
4937,2013-07-08,25.0
4938,2013-07-09,26.0
4939,2013-07-10,23.0
4940,2013-07-11,21.0
4941,2013-07-12,24.0
4942,2013-07-13,29.0
4943,2013-07-14,28.0
4944,2013-07-15,30.0
4945,2013-07-16,30.0
4946,2013-07-17,30.0
4947,2013-07-18,27.0
4948,2013-07-19,27.0
4949,2013-07-20,23.0
4950,2013-07-21,27.1
4951,2013-07-22,33.0
4952,2013-07-23,28.9
4953,2013-07-24,26.0
4954,2013-07-25,25.0
4955,2013-07-26,26.3
4956,2013-07-27,28.0
4957,2013-07-28,24.0
4958,2013-07-29,23.0
4959,2013-07-30,21.7
4960,2013-07-31,25.0
4961,2013-08-01,33.0
4962,2013-08-02,26.0
4963,2013-08-03,23.6
4964,2013-08-04,23.0
4965,2013-08-05,23.0
4966,2013-08-06,21.9
4967,2013-08-07,21.0
4968,2013-08-08,25.0
4969,2013-08-09,23.3
4970,2013-08-10,21.8
4971,2013-08-11,22.1
4972,2013-08-12,21.0
4973,2013-08-13,21.0
4974,2013-08-14,23.0
4975,2013-08-15,25.0
4976,2013-08-16,22.0
4977,2013-08-17,20.1
4978,2013-08-18,23.5
4979,2013-08-19,22.0
4980,2013-08-20,23.9
4981,2013-08-21,27.0
4982,2013-08-22,20.0
4983,2013-08-23,25.0
4984,2013-08-24,20.0
4985,2013-08-25,22.0
4986,2013-08-26,25.0
4987,2013-08-27,23.0
4988,2013-08-28,23.0
4989,2013-08-29,24.0
4990,2013-08-30,25.0
4991,2013-08-31,19.9
4992,2013-09-01,21.8
4993,2013-09-02,25.0
4994,2013-09-03,25.0
4995,2013-09-04,26.0
4996,2013-09-05,29.0
4997,2013-09-06,20.0
4998,2013-09-07,18.0
4999,2013-09-08,17.0
5000,2013-09-09,13.0
5001,2013-09-10,17.0
5002,2013-09-11,16.3
5003,2013-09-12,19.2
5004,2013-09-13,19.6
5005,2013-09-14,13.8
5006,2013-09-15,16.0
5007,2013-09-16,15.0
5008,2013-09-17,14.0
5009,2013-09-18,16.0
5010,2013-09-19,17.0
5011,2013-09-20,18.0
5012,2013-09-21,19.0
5013,2013-09-22,19.0
5014,2013-09-23,20.0
5015,2013-09-24,21.0
5016,2013-09-25,22.0
5017,2013-09-26,19.0
5018,2013-09-27,17.0
5019,2013-09-28,19.0
5020,2013-09-29,18.5
5021,2013-09-30,19.0
5022,2013-10-01,17.4
5023,2013-10-02,20.2
5024,2013-10-03,18.7
5025,2013-10-04,20.0
5026,2013-10-05,18.5
5027,2013-10-06,19.5
5028,2013-10-07,20.0
5029,2013-10-08,20.0
5030,2013-10-09,17.0
5031,2013-10-10,12.0
5032,2013-10-11,14.0
5033,2013-10-12,13.6
5034,2013-10-13,12.0
5035,2013-10-14,12.0
5036,2013-10-15,13.1
5037,2013-10-16,16.0
5038,2013-10-17,18.0
5039,2013-10-18,18.0
5040,2013-10-19,18.0
5041,2013-10-20,18.0
5042,2013-10-21,18.0
5043,2013-10-22,19.0
5044,2013-10-23,18.0
5045,2013-10-24,18.0
5046,2013-10-25,19.0
5047,2013-10-26,18.0
5048,2013-10-27,17.0
5049,2013-10-28,17.0
5050,2013-10-29,12.3
5051,2013-10-30,14.0
5052,2013-10-31,14.0
5053,2013-11-01,15.0
5054,2013-11-02,16.0
5055,2013-11-03,12.0
5056,2013-11-04,9.9
5057,2013-11-05,13.0
5058,2013-11-06,16.0
5059,2013-11-07,14.5
5060,2013-11-08,10.7
5061,2013-11-09,8.0
5062,2013-11-10,10.0
5063,2013-11-11,12.8
5064,2013-11-12,12.8
5065,2013-11-13,11.0
5066,2013-11-14,10.0
5067,2013-11-15,10.0
5068,2013-11-16,9.0
5069,2013-11-17,10.0
5070,2013-11-18,10.0
5071,2013-11-19,8.0
5072,2013-11-20,6.6
5073,2013-11-21,9.0
5074,2013-11-22,8.0
5075,2013-11-23,8.0
5076,2013-11-24,9.0
5077,2013-11-25,8.0
5078,2013-11-26,7.2
5079,2013-11-27,11.0
5080,2013-11-28,9.8
5081,2013-11-29,11.0
5082,2013-11-30,9.0
5083,2013-12-01,10.0
5084,2013-12-02,10.0
5085,2013-12-03,
5086,2013-12-04,9.0
5087,2013-12-05,11.0
5088,2013-12-06,8.0
5089,2013-12-07,8.7
5090,2013-12-08,12.0
5091,2013-12-09,12.0
5092,2013-12-10,10.0
5093,2013-12-11,3.6
5094,2013-12-12,10.0
5095,2013-12-13,12.0
5096,2013-12-14,12.0
5097,2013-12-15,13.0
5098,2013-12-16,13.0
5099,2013-12-17,6.7
5100,2013-12-18,11.0
5101,2013-12-19,9.2
5102,2013-12-20,11.0
5103,2013-12-21,11.8
5104,2013-12-22,11.0
5105,2013-12-23,13.0
5106,2013-12-24,12.0
5107,2013-12-25,7.0
5108,2013-12-26,8.0
5109,2013-12-27,12.0
5110,2013-12-28,9.0
5111,2013-12-29,8.0
5112,2013-12-30,11.0
5113,2013-12-31,11.0
5114,2014-01-01,10.8
5115,2014-01-02,11.0
5116,2014-01-03,11.0
5117,2014-01-04,10.0
5118,2014-01-05,12.0
5119,2014-01-06,13.0
5120,2014-01-07,11.6
5121,2014-01-08,11.2
5122,2014-01-09,13.0
5123,2014-01-10,11.0
5124,2014-01-11,9.0
5125,2014-01-12,10.0
5126,2014-01-13,10.0
5127,2014-01-14,6.9
5128,2014-01-15,10.8
5129,2014-01-16,11.0
5130,2014-01-17,9.0
5131,2014-01-18,10.0
5132,2014-01-19,9.0
5133,2014-01-20,8.5
5134,2014-01-21,9.0
5135,2014-01-22,10.0
5136,2014-01-23,9.0
5137,2014-01-24,8.0
5138,2014-01-25,11.8
5139,2014-01-26,10.0
5140,2014-01-27,8.0
5141,2014-01-28,9.6
5142,2014-01-29,6.0
5143,2014-01-30,5.7
5144,2014-01-31,8.8
5145,2014-02-01,10.0
5146,2014-02-02,10.0
5147,2014-02-03,8.1
5148,2014-02-04,8.8
5149,2014-02-05,11.0
5150,2014-02-06,11.0
5151,2014-02-07,11.0
5152,2014-02-08,9.3
5153,2014-02-09,7.9
5154,2014-02-10,9.0
5155,2014-02-11,9.0
5156,2014-02-12,9.0
5157,2014-02-13,8.0
5158,2014-02-14,13.0
5159,2014-02-15,10.8
5160,2014-02-16,10.0
5161,2014-02-17,11.0
5162,2014-02-18,11.0
5163,2014-02-19,11.0
5164,2014-02-20,13.0
5165,2014-02-21,11.0
5166,2014-02-22,12.0
5167,2014-02-23,12.0
5168,2014-02-24,14.0
5169,2014-02-25,12.0
5170,2014-02-26,12.0
5171,2014-02-27,11.0
5172,2014-02-28,7.0
5173,2014-03-01,8.0
5174,2014-03-02,11.0
5175,2014-03-03,8.7
5176,2014-03-04,10.0
5177,2014-03-05,13.0
5178,2014-03-06,14.0
5179,2014-03-07,16.0
5180,2014-03-08,16.0
5181,2014-03-09,20.0
5182,2014-03-10,11.7
5183,2014-03-11,11.1
5184,2014-03-12,15.1
5185,2014-03-13,17.0
5186,2014-03-14,17.0
5187,2014-03-15,17.0
5188,2014-03-16,19.0
5189,2014-03-17,14.0
5190,2014-03-18,14.0
5191,2014-03-19,16.0
5192,2014-03-20,13.3
5193,2014-03-21,12.0
5194,2014-03-22,11.8
5195,2014-03-23,10.0
5196,2014-03-24,11.0
5197,2014-03-25,9.0
5198,2014-03-26,9.0
5199,2014-03-27,11.0
5200,2014-03-28,12.0
5201,2014-03-29,19.2
5202,2014-03-30,19.8
5203,2014-03-31,17.0
5204,2014-04-01,19.0
5205,2014-04-02,18.9
5206,2014-04-03,18.0
5207,2014-04-04,15.0
5208,2014-04-05,16.0
5209,2014-04-06,16.0
5210,2014-04-07,15.0
5211,2014-04-08,13.0
5212,2014-04-09,17.0
5213,2014-04-10,16.0
5214,2014-04-11,16.0
5215,2014-04-12,15.0
5216,2014-04-13,16.0
5217,2014-04-14,15.1
5218,2014-04-15,14.1
5219,2014-04-16,16.0
5220,2014-04-17,17.0
5221,2014-04-18,12.0
5222,2014-04-19,13.3
5223,2014-04-20,13.0
5224,2014-04-21,18.2
5225,2014-04-22,17.0
5226,2014-04-23,16.5
5227,2014-04-24,17.0
5228,2014-04-25,12.1
5229,2014-04-26,15.5
5230,2014-04-27,15.0
5231,2014-04-28,17.0
5232,2014-04-29,16.0
5233,2014-04-30,20.0
5234,2014-05-01,14.1
5235,2014-05-02,12.0
5236,2014-05-03,14.0
5237,2014-05-04,17.0
5238,2014-05-05,18.0
5239,2014-05-06,
5240,2014-05-07,17.0
5241,2014-05-08,16.0
5242,2014-05-09,16.7
5243,2014-05-10,17.0
5244,2014-05-11,15.0
5245,2014-05-12,17.0
5246,2014-05-13,15.0
5247,2014-05-14,18.0
5248,2014-05-15,20.0
5249,2014-05-16,21.8
5250,2014-05-17,23.0
5251,2014-05-18,24.0
5252,2014-05-19,25.0
5253,2014-05-20,21.0
5254,2014-05-21,19.0
5255,2014-05-22,16.9
5256,2014-05-23,18.0
5257,2014-05-24,17.0
5258,2014-05-25,18.0
5259,2014-05-26,12.4
5260,2014-05-27,13.2
5261,2014-05-28,15.0
5262,2014-05-29,18.2
5263,2014-05-30,16.0
5264,2014-05-31,18.0
5265,2014-06-01,22.0
5266,2014-06-02,21.0
5267,2014-06-03,20.0
5268,2014-06-04,15.0
5269,2014-06-05,19.5
5270,2014-06-06,22.0
5271,2014-06-07,21.4
5272,2014-06-08,25.0
5273,2014-06-09,26.0
5274,2014-06-10,23.0
5275,2014-06-11,22.0
5276,2014-06-12,25.0
5277,2014-06-13,25.0
5278,2014-06-14,20.0
5279,2014-06-15,18.2
5280,2014-06-16,17.0
5281,2014-06-17,21.0
5282,2014-06-18,21.0
5283,2014-06-19,22.0
5284,2014-06-20,22.0
5285,2014-06-21,24.0
5286,2014-06-22,24.0
5287,2014-06-23,24.0
5288,2014-06-24,24.0
5289,2014-06-25,20.0
5290,2014-06-26,20.0
5291,2014-06-27,22.0
5292,2014-06-28,19.0
5293,2014-06-29,19.0
5294,2014-06-30,20.0
5295,2014-07-01,23.0
5296,2014-07-02,25.0
5297,2014-07-03,26.0
5298,2014-07-04,26.0
5299,2014-07-05,22.0
5300,2014-07-06,21.0
5301,2014-07-07,21.0
5302,2014-07-08,20.0
5303,2014-07-09,23.0
5304,2014-07-10,18.0
5305,2014-07-11,20.6
5306,2014-07-12,
5307,2014-07-13,22.3
5308,2014-07-14,25.0
5309,2014-07-15,26.0
5310,2014-07-16,27.0
5311,2014-07-17,27.0
5312,2014-07-18,31.0
5313,2014-07-19,28.0
5314,2014-07-20,25.0
5315,2014-07-21,25.0
5316,2014-07-22,26.0
5317,2014-07-23,28.0
5318,2014-07-24,28.0
5319,2014-07-25,26.0
5320,2014-07-26,28.0
5321,2014-07-27,25.0
5322,2014-07-28,22.0
5323,2014-07-29,26.0
5324,2014-07-30,26.0
5325,2014-07-31,25.0
5326,2014-08-01,24.0
5327,2014-08-02,24.0
5328,2014-08-03,23.3
5329,2014-08-04,24.0
5330,2014-08-05,24.0
5331,2014-08-06,26.0
5332,2014-08-07,27.0
5333,2014-08-08,24.0
5334,2014-08-09,23.0
5335,2014-08-10,22.0
5336,2014-08-11,21.0
5337,2014-08-12,21.0
5338,2014-08-13,21.0
5339,2014-08-14,21.0
5340,2014-08-15,20.0
5341,2014-08-16,20.0
5342,2014-08-17,21.0
5343,2014-08-18,19.0
5344,2014-08-19,18.0
5345,2014-08-20,19.0
5346,2014-08-21,18.0
5347,2014-08-22,19.0
5348,2014-08-23,18.0
5349,2014-08-24,18.0
5350,2014-08-25,17.0
5351,2014-08-26,17.0
5352,2014-08-27,19.0
5353,2014-08-28,21.5
5354,2014-08-29,21.0
5355,2014-08-30,18.9
5356,2014-08-31,21.0
5357,2014-09-01,19.0
5358,2014-09-02,22.6
5359,2014-09-03,22.0
5360,2014-09-04,20.0
5361,2014-09-05,22.0
5362,2014-09-06,22.0
5363,2014-09-07,21.0
5364,2014-09-08,22.0
5365,2014-09-09,21.0
5366,2014-09-10,19.0
5367,2014-09-11,19.0
5368,2014-09-12,21.0
5369,2014-09-13,20.0
5370,2014-09-14,20.5
5371,2014-09-15,22.0
5372,2014-09-16,23.0
5373,2014-09-17,21.0
5374,2014-09-18,25.0
5375,2014-09-19,23.0
5376,2014-09-20,18.2
5377,2014-09-21,17.0
5378,2014-09-22,18.3
5379,2014-09-23,19.0
5380,2014-09-24,18.0
5381,2014-09-25,18.9
5382,2014-09-26,21.0
5383,2014-09-27,21.0
5384,2014-09-28,23.0
5385,2014-09-29,20.0
5386,2014-09-30,22.0
5387,2014-10-01,21.6
5388,2014-10-02,21.0
5389,2014-10-03,22.0
5390,2014-10-04,19.0
5391,2014-10-05,16.0
5392,2014-10-06,14.0
5393,2014-10-07,15.0
5394,2014-10-08,18.0
5395,2014-10-09,17.0
5396,2014-10-10,17.0
5397,2014-10-11,16.0
5398,2014-10-12,15.0
5399,2014-10-13,16.0
5400,2014-10-14,14.0
5401,2014-10-15,16.0
5402,2014-10-16,18.0
5403,2014-10-17,20.0
5404,2014-10-18,19.1
5405,2014-10-19,20.0
5406,2014-10-20,17.0
5407,2014-10-21,15.0
5408,2014-10-22,13.4
5409,2014-10-23,17.0
5410,2014-10-24,18.0
5411,2014-10-25,16.0
5412,2014-10-26,16.0
5413,2014-10-27,19.0
5414,2014-10-28,18.0
5415,2014-10-29,16.0
5416,2014-10-30,19.0
5417,2014-10-31,23.0
5418,2014-11-01,18.0
5419,2014-11-02,15.6
5420,2014-11-03,12.0
5421,2014-11-04,13.0
5422,2014-11-05,11.0
5423,2014-11-06,11.8
5424,2014-11-07,14.0
5425,2014-11-08,14.1
5426,2014-11-09,13.0
5427,2014-11-10,13.0
5428,2014-11-11,13.0
5429,2014-11-12,14.0
5430,2014-11-13,14.0
5431,2014-11-14,15.0
5432,2014-11-15,13.0
5433,2014-11-16,12.0
5434,2014-11-17,11.0
5435,2014-11-18,13.0
5436,2014-11-19,11.8
5437,2014-11-20,11.2
5438,2014-11-21,10.0
5439,2014-11-22,15.0
5440,2014-11-23,14.0
5441,2014-11-24,8.7
5442,2014-11-25,10.0
5443,2014-11-26,9.3
5444,2014-11-27,12.0
5445,2014-11-28,13.0
5446,2014-11-29,12.0
5447,2014-11-30,12.0
5448,2014-12-01,9.6
5449,2014-12-02,8.0
5450,2014-12-03,9.0
5451,2014-12-04,7.0
5452,2014-12-05,7.0
5453,2014-12-06,6.0
5454,2014-12-07,10.0
5455,2014-12-08,7.0
5456,2014-12-09,11.0
5457,2014-12-10,12.0
5458,2014-12-11,10.0
5459,2014-12-12,9.9
5460,2014-12-13,7.0
5461,2014-12-14,10.0
5462,2014-12-15,9.6
5463,2014-12-16,7.5
5464,2014-12-17,12.9
5465,2014-12-18,14.0
5466,2014-12-19,14.0
5467,2014-12-20,9.2
5468,2014-12-21,12.0
5469,2014-12-22,14.0
5470,2014-12-23,13.0
5471,2014-12-24,11.7
5472,2014-12-25,8.0
5473,2014-12-26,8.7
5474,2014-12-27,8.7
5475,2014-12-28,6.0
5476,2014-12-29,6.0
5477,2014-12-30,7.0
5478,2014-12-31,7.0
5479,2015-01-01,12.0
5480,2015-01-02,13.0
5481,2015-01-03,7.0
5482,2015-01-04,3.0
5483,2015-01-05,9.7
5484,2015-01-06,11.0
5485,2015-01-07,10.0
5486,2015-01-08,12.0
5487,2015-01-09,16.0
5488,2015-01-10,14.0
5489,2015-01-11,8.7
5490,2015-01-12,12.0
5491,2015-01-13,12.0
5492,2015-01-14,10.0
5493,2015-01-15,12.0
5494,2015-01-16,7.0
5495,2015-01-17,7.0
5496,2015-01-18,4.1
5497,2015-01-19,5.0
5498,2015-01-20,5.0
5499,2015-01-21,4.1
5500,2015-01-22,5.0
5501,2015-01-23,8.0
5502,2015-01-24,8.0
5503,2015-01-25,9.0
5504,2015-01-26,11.0
5505,2015-01-27,9.0
5506,2015-01-28,11.0
5507,2015-01-29,7.0
5508,2015-01-30,6.0
5509,2015-01-31,5.0
5510,2015-02-01,6.0
5511,2015-02-02,3.0
5512,2015-02-03,3.9
5513,2015-02-04,4.7
5514,2015-02-05,4.6
5515,2015-02-06,5.0
5516,2015-02-07,6.0
5517,2015-02-08,8.2
5518,2015-02-09,9.0
5519,2015-02-10,6.4
5520,2015-02-11,6.0
5521,2015-02-12,4.5
5522,2015-02-13,9.0
5523,2015-02-14,8.0
5524,2015-02-15,9.0
5525,2015-02-16,9.0
5526,2015-02-17,9.0
5527,2015-02-18,10.0
5528,2015-02-19,8.3
5529,2015-02-20,8.0
5530,2015-02-21,7.0
5531,2015-02-22,10.0
5532,2015-02-23,10.0
5533,2015-02-24,10.0
5534,2015-02-25,11.0
5535,2015-02-26,11.4
5536,2015-02-27,9.0
5537,2015-02-28,11.0
5538,2015-03-01,11.8
5539,2015-03-02,9.0
5540,2015-03-03,9.0
5541,2015-03-04,10.0
5542,2015-03-05,12.0
5543,2015-03-06,13.0
5544,2015-03-07,16.0
5545,2015-03-08,14.0
5546,2015-03-09,11.0
5547,2015-03-10,12.7
5548,2015-03-11,13.0
5549,2015-03-12,14.0
5550,2015-03-13,11.0
5551,2015-03-14,9.0
5552,2015-03-15,7.0
5553,2015-03-16,9.0
5554,2015-03-17,12.0
5555,2015-03-18,9.0
5556,2015-03-19,7.6
5557,2015-03-20,12.0
5558,2015-03-21,8.3
5559,2015-03-22,8.0
5560,2015-03-23,12.0
5561,2015-03-24,10.0
5562,2015-03-25,10.0
5563,2015-03-26,12.0
5564,2015-03-27,13.0
5565,2015-03-28,14.0
5566,2015-03-29,
5567,2015-03-30,12.0
5568,2015-03-31,12.9
5569,2015-04-01,11.0
5570,2015-04-02,11.0
5571,2015-04-03,12.0
5572,2015-04-04,9.8
5573,2015-04-05,12.0
5574,2015-04-06,15.0
5575,2015-04-07,18.0
5576,2015-04-08,16.0
5577,2015-04-09,16.0
5578,2015-04-10,20.0
5579,2015-04-11,13.3
5580,2015-04-12,18.0
5581,2015-04-13,16.0
5582,2015-04-14,22.0
5583,2015-04-15,25.0
5584,2015-04-16,16.0
5585,2015-04-17,13.0
5586,2015-04-18,13.0
5587,2015-04-19,12.0
5588,2015-04-20,17.0
5589,2015-04-21,18.2
5590,2015-04-22,14.0
5591,2015-04-23,15.0
5592,2015-04-24,17.6
5593,2015-04-25,18.1
5594,2015-04-26,12.0
5595,2015-04-27,13.0
5596,2015-04-28,14.0
5597,2015-04-29,13.0
5598,2015-04-30,16.0
5599,2015-05-01,12.0
5600,2015-05-02,14.0
5601,2015-05-03,20.3
5602,2015-05-04,18.0
5603,2015-05-05,16.0
5604,2015-05-06,15.0
5605,2015-05-07,16.6
5606,2015-05-08,16.5
5607,2015-05-09,19.0
5608,2015-05-10,18.0
5609,2015-05-11,20.6
5610,2015-05-12,16.9
5611,2015-05-13,19.0
5612,2015-05-14,11.0
5613,2015-05-15,16.0
5614,2015-05-16,18.0
5615,2015-05-17,18.0
5616,2015-05-18,15.0
5617,2015-05-19,15.0
5618,2015-05-20,15.0
5619,2015-05-21,20.0
5620,2015-05-22,20.0
5621,2015-05-23,18.0
5622,2015-05-24,20.0
5623,2015-05-25,16.0
5624,2015-05-26,18.7
5625,2015-05-27,21.0
5626,2015-05-28,17.5
5627,2015-05-29,14.0
5628,2015-05-30,17.0
5629,2015-05-31,16.0
5630,2015-06-01,15.0
5631,2015-06-02,19.1
5632,2015-06-03,21.0
5633,2015-06-04,22.0
5634,2015-06-05,23.1
5635,2015-06-06,20.0
5636,2015-06-07,20.0
5637,2015-06-08,17.0
5638,2015-06-09,15.0
5639,2015-06-10,18.0
5640,2015-06-11,22.0
5641,2015-06-12,24.0
5642,2015-06-13,21.0
5643,2015-06-14,18.0
5644,2015-06-15,18.0
5645,2015-06-16,23.0
5646,2015-06-17,26.0
5647,2015-06-18,21.0
5648,2015-06-19,20.2
5649,2015-06-20,20.0
5650,2015-06-21,19.9
5651,2015-06-22,18.0
5652,2015-06-23,20.0
5653,2015-06-24,23.0
5654,2015-06-25,25.0
5655,2015-06-26,27.0
5656,2015-06-27,23.0
5657,2015-06-28,22.0
5658,2015-06-29,26.0
5659,2015-06-30,29.0
5660,2015-07-01,35.1
5661,2015-07-02,25.9
5662,2015-07-03,24.0
5663,2015-07-04,27.0
5664,2015-07-05,23.0
5665,2015-07-06,23.2
5666,2015-07-07,22.7
5667,2015-07-08,21.0
5668,2015-07-09,23.0
5669,2015-07-10,26.0
5670,2015-07-11,25.0
5671,2015-07-12,22.0
5672,2015-07-13,19.5
5673,2015-07-14,22.0
5674,2015-07-15,21.2
5675,2015-07-16,24.0
5676,2015-07-17,25.0
5677,2015-07-18,23.0
5678,2015-07-19,25.0
5679,2015-07-20,23.0
5680,2015-07-21,26.0
5681,2015-07-22,22.0
5682,2015-07-23,21.0
5683,2015-07-24,16.5
5684,2015-07-25,20.8
5685,2015-07-26,18.0
5686,2015-07-27,19.6
5687,2015-07-28,19.4
5688,2015-07-29,19.0
5689,2015-07-30,19.5
5690,2015-07-31,20.9
5691,2015-08-01,23.0
5692,2015-08-02,25.0
5693,2015-08-03,24.0
5694,2015-08-04,20.7
5695,2015-08-05,21.2
5696,2015-08-06,23.0
5697,2015-08-07,25.0
5698,2015-08-08,25.0
5699,2015-08-09,27.0
5700,2015-08-10,24.0
5701,2015-08-11,21.0
5702,2015-08-12,21.0
5703,2015-08-13,21.0
5704,2015-08-14,22.0
5705,2015-08-15,20.0
5706,2015-08-16,21.0
5707,2015-08-17,21.0
5708,2015-08-18,19.0
5709,2015-08-19,21.0
5710,2015-08-20,21.3
5711,2015-08-21,26.0
5712,2015-08-22,29.9
5713,2015-08-23,22.0
5714,2015-08-24,18.0
5715,2015-08-25,19.0
5716,2015-08-26,21.0
5717,2015-08-27,20.0
5718,2015-08-28,21.0
5719,2015-08-29,21.5
5720,2015-08-30,20.0
5721,2015-08-31,17.0
5722,2015-09-01,18.0
5723,2015-09-02,18.0
5724,2015-09-03,17.0
5725,2015-09-04,16.0
5726,2015-09-05,15.5
5727,2015-09-06,19.0
5728,2015-09-07,18.1
5729,2015-09-08,17.0
5730,2015-09-09,19.0
5731,2015-09-10,20.0
5732,2015-09-11,22.1
5733,2015-09-12,20.5
5734,2015-09-13,17.0
5735,2015-09-14,18.0
5736,2015-09-15,18.0
5737,2015-09-16,15.0
5738,2015-09-17,17.7
5739,2015-09-18,18.0
5740,2015-09-19,18.7
5741,2015-09-20,20.0
5742,2015-09-21,16.0
5743,2015-09-22,15.0
5744,2015-09-23,17.0
5745,2015-09-24,18.0
5746,2015-09-25,18.0
5747,2015-09-26,17.0
5748,2015-09-27,19.0
5749,2015-09-28,18.0
5750,2015-09-29,18.0
5751,2015-09-30,18.0
5752,2015-10-01,18.0
5753,2015-10-02,18.0
5754,2015-10-03,16.0
5755,2015-10-04,18.0
5756,2015-10-05,18.0
5757,2015-10-06,19.1
5758,2015-10-07,14.7
5759,2015-10-08,16.0
5760,2015-10-09,17.6
5761,2015-10-10,15.7
5762,2015-10-11,15.0
5763,2015-10-12,14.0
5764,2015-10-13,13.0
5765,2015-10-14,14.0
5766,2015-10-15,13.0
5767,2015-10-16,14.0
5768,2015-10-17,13.0
5769,2015-10-18,15.0
5770,2015-10-19,14.0
5771,2015-10-20,15.0
5772,2015-10-21,15.0
5773,2015-10-22,15.0
5774,2015-10-23,14.0
5775,2015-10-24,13.7
5776,2015-10-25,13.0
5777,2015-10-26,16.0
5778,2015-10-27,19.0
5779,2015-10-28,16.0
5780,2015-10-29,16.0
5781,2015-10-30,16.0
5782,2015-10-31,15.0
5783,2015-11-01,11.0
5784,2015-11-02,14.0
5785,2015-11-03,13.0
5786,2015-11-04,14.8
5787,2015-11-05,16.0
5788,2015-11-06,18.0
5789,2015-11-07,16.8
5790,2015-11-08,17.0
5791,2015-11-09,15.0
5792,2015-11-10,17.0
5793,2015-11-11,16.0
5794,2015-11-12,15.7
5795,2015-11-13,14.0
5796,2015-11-14,15.0
5797,2015-11-15,17.0
5798,2015-11-16,14.0
5799,2015-11-17,15.5
5800,2015-11-18,14.8
5801,2015-11-19,14.0
5802,2015-11-20,10.0
5803,2015-11-21,5.4
5804,2015-11-22,7.0
5805,2015-11-23,8.0
5806,2015-11-24,11.0
5807,2015-11-25,11.0
5808,2015-11-26,10.2
5809,2015-11-27,14.0
5810,2015-11-28,12.0
5811,2015-11-29,14.0
5812,2015-11-30,13.0
5813,2015-12-01,15.0
5814,2015-12-02,14.0
5815,2015-12-03,13.0
5816,2015-12-04,12.7
5817,2015-12-05,14.0
5818,2015-12-06,15.0
5819,2015-12-07,14.0
5820,2015-12-08,15.0
5821,2015-12-09,12.0
5822,2015-12-10,12.4
5823,2015-12-11,11.0
5824,2015-12-12,14.0
5825,2015-12-13,13.0
5826,2015-12-14,10.0
5827,2015-12-15,12.8
5828,2015-12-16,16.0
5829,2015-12-17,15.1
5830,2015-12-18,14.0
5831,2015-12-19,17.0
5832,2015-12-20,16.0
5833,2015-12-21,13.0
5834,2015-12-22,15.0
5835,2015-12-23,13.0
5836,2015-12-24,12.8
5837,2015-12-25,15.0
5838,2015-12-26,16.0
5839,2015-12-27,15.0
5840,2015-12-28,14.0
5841,2015-12-29,13.0
5842,2015-12-30,14.0
5843,2015-12-31,12.0
5844,2016-01-01,8.4
5845,2016-01-02,12.0
5846,2016-01-03,11.0
5847,2016-01-04,11.0
5848,2016-01-05,10.0
5849,2016-01-06,8.0
5850,2016-01-07,9.9
5851,2016-01-08,10.0
5852,2016-01-09,11.0
5853,2016-01-10,9.0
5854,2016-01-11,8.0
5855,2016-01-12,8.0
5856,2016-01-13,7.0
5857,2016-01-14,6.0
5858,2016-01-15,6.0
5859,2016-01-16,4.2
5860,2016-01-17,4.0
5861,2016-01-18,5.0
5862,2016-01-19,4.6
5863,2016-01-20,5.0
5864,2016-01-21,7.9
5865,2016-01-22,11.0
5866,2016-01-23,11.0
5867,2016-01-24,15.0
5868,2016-01-25,14.0
5869,2016-01-26,11.3
5870,2016-01-27,13.2
5871,2016-01-28,10.0
5872,2016-01-29,12.2
5873,2016-01-30,12.0
5874,2016-01-31,14.0
5875,2016-02-01,14.0
5876,2016-02-02,11.0
5877,2016-02-03,9.0
5878,2016-02-04,14.0
5879,2016-02-05,11.0
5880,2016-02-06,13.0
5881,2016-02-07,9.7
5882,2016-02-08,9.1
5883,2016-02-09,7.4
5884,2016-02-10,9.0
5885,2016-02-11,9.0
5886,2016-02-12,6.0
5887,2016-02-13,4.6
5888,2016-02-14,7.0
5889,2016-02-15,6.0
5890,2016-02-16,8.0
5891,2016-02-17,7.0
5892,2016-02-18,7.2
5893,2016-02-19,10.0
5894,2016-02-20,12.3
5895,2016-02-21,15.0
5896,2016-02-22,13.0
5897,2016-02-23,9.0
5898,2016-02-24,7.0
5899,2016-02-25,5.3
5900,2016-02-26,8.0
5901,2016-02-27,6.0
5902,2016-02-28,7.6
5903,2016-02-29,9.0
5904,2016-03-01,13.0
5905,2016-03-02,9.0
5906,2016-03-03,9.0
5907,2016-03-04,8.0
5908,2016-03-05,7.0
5909,2016-03-06,7.0
5910,2016-03-07,7.0
5911,2016-03-08,9.0
5912,2016-03-09,10.4
5913,2016-03-10,9.0
5914,2016-03-11,11.1
5915,2016-03-12,11.0
5916,2016-03-13,9.0
5917,2016-03-14,11.0
5918,2016-03-15,8.3
5919,2016-03-16,9.0
5920,2016-03-17,11.0
5921,2016-03-18,8.0
5922,2016-03-19,8.4
5923,2016-03-20,11.0
5924,2016-03-21,11.0
5925,2016-03-22,13.1
5926,2016-03-23,10.0
5927,2016-03-24,11.0
5928,2016-03-25,15.0
5929,2016-03-26,13.3
5930,2016-03-27,11.2
5931,2016-03-28,11.4
5932,2016-03-29,11.6
5933,2016-03-30,12.5
5934,2016-03-31,12.4
5935,2016-04-01,13.0
5936,2016-04-02,15.0
5937,2016-04-03,17.0
5938,2016-04-04,13.0
5939,2016-04-05,15.0
5940,2016-04-06,13.0
5941,2016-04-07,9.8
5942,2016-04-08,14.0
5943,2016-04-09,12.0
5944,2016-04-10,12.0
5945,2016-04-11,14.0
5946,2016-04-12,16.5
5947,2016-04-13,17.0
5948,2016-04-14,17.0
5949,2016-04-15,13.0
5950,2016-04-16,9.0
5951,2016-04-17,11.4
5952,2016-04-18,12.0
5953,2016-04-19,15.0
5954,2016-04-20,13.0
5955,2016-04-21,15.0
5956,2016-04-22,11.0
5957,2016-04-23,10.0
5958,2016-04-24,9.0
5959,2016-04-25,12.0
5960,2016-04-26,9.0
5961,2016-04-27,11.0
5962,2016-04-28,11.9
5963,2016-04-29,11.0
5964,2016-04-30,13.0
5965,2016-05-01,17.0
5966,2016-05-02,17.0
5967,2016-05-03,15.0
5968,2016-05-04,18.0
5969,2016-05-05,20.0
5970,2016-05-06,21.0
5971,2016-05-07,23.4
5972,2016-05-08,26.0
5973,2016-05-09,23.0
5974,2016-05-10,17.0
5975,2016-05-11,18.0
5976,2016-05-12,23.7
5977,2016-05-13,17.0
5978,2016-05-14,13.0
5979,2016-05-15,15.7
5980,2016-05-16,19.0
5981,2016-05-17,18.0
5982,2016-05-18,14.0
5983,2016-05-19,18.0
5984,2016-05-20,20.0
5985,2016-05-21,18.0
5986,2016-05-22,19.0
5987,2016-05-23,19.0
5988,2016-05-24,16.0
5989,2016-05-25,12.0
5990,2016-05-26,19.0
5991,2016-05-27,20.0
5992,2016-05-28,20.4
5993,2016-05-29,18.0
5994,2016-05-30,17.0
5995,2016-05-31,14.0
5996,2016-06-01,13.6
5997,2016-06-02,12.0
5998,2016-06-03,13.0
5999,2016-06-04,19.0
6000,2016-06-05,24.0
6001,2016-06-06,22.0
6002,2016-06-07,23.0
6003,2016-06-08,23.4
6004,2016-06-09,20.0
6005,2016-06-10,23.0
6006,2016-06-11,22.0
6007,2016-06-12,20.0
6008,2016-06-13,19.0
6009,2016-06-14,18.0
6010,2016-06-15,20.0
6011,2016-06-16,19.0
6012,2016-06-17,18.9
6013,2016-06-18,16.0
6014,2016-06-19,21.0
6015,2016-06-20,21.3
6016,2016-06-21,22.0
6017,2016-06-22,23.0
6018,2016-06-23,20.7
6019,2016-06-24,22.0
6020,2016-06-25,19.2
6021,2016-06-26,19.0
6022,2016-06-27,21.0
6023,2016-06-28,21.0
6024,2016-06-29,18.0
6025,2016-06-30,20.0
6026,2016-07-01,20.0
6027,2016-07-02,19.5
6028,2016-07-03,21.0
6029,2016-07-04,21.0
6030,2016-07-05,21.0
6031,2016-07-06,22.0
6032,2016-07-07,23.0
6033,2016-07-08,23.0
6034,2016-07-09,24.0
6035,2016-07-10,23.0
6036,2016-07-11,21.0
6037,2016-07-12,19.0
6038,2016-07-13,18.0
6039,2016-07-14,20.0
6040,2016-07-15,20.0
6041,2016-07-16,26.2
6042,2016-07-17,27.0
6043,2016-07-18,29.0
6044,2016-07-19,32.0
6045,2016-07-20,30.0
6046,2016-07-21,25.0
6047,2016-07-22,23.6
6048,2016-07-23,27.0
6049,2016-07-24,24.0
6050,2016-07-25,24.0
6051,2016-07-26,23.0
6052,2016-07-27,24.7
6053,2016-07-28,23.0
6054,2016-07-29,23.0
6055,2016-07-30,22.0
6056,2016-07-31,22.0
6057,2016-08-01,19.0
6058,2016-08-02,22.0
6059,2016-08-03,23.0
6060,2016-08-04,22.0
6061,2016-08-05,24.0
6062,2016-08-06,26.0
6063,2016-08-07,27.0
6064,2016-08-08,21.0
6065,2016-08-09,20.0
6066,2016-08-10,20.0
6067,2016-08-11,23.0
6068,2016-08-12,26.3
6069,2016-08-13,25.1
6070,2016-08-14,23.0
6071,2016-08-15,23.0
6072,2016-08-16,23.0
6073,2016-08-17,24.0
6074,2016-08-18,25.0
6075,2016-08-19,20.0
6076,2016-08-20,21.0
6077,2016-08-21,22.0
6078,2016-08-22,26.0
6079,2016-08-23,30.0
6080,2016-08-24,33.0
6081,2016-08-25,28.0
6082,2016-08-26,27.0
6083,2016-08-27,25.0
6084,2016-08-28,22.0
6085,2016-08-29,24.0
6086,2016-08-30,27.0
6087,2016-08-31,24.0
6088,2016-09-01,24.0
6089,2016-09-02,21.0
6090,2016-09-03,20.5
6091,2016-09-04,19.5
6092,2016-09-05,23.0
6093,2016-09-06,24.0
6094,2016-09-07,28.0
6095,2016-09-08,22.8
6096,2016-09-09,22.0
6097,2016-09-10,22.0
6098,2016-09-11,21.7
6099,2016-09-12,26.0
6100,2016-09-13,33.0
6101,2016-09-14,28.0
6102,2016-09-15,30.0
6103,2016-09-16,20.0
6104,2016-09-17,16.0
6105,2016-09-18,19.0
6106,2016-09-19,18.7
6107,2016-09-20,19.0
6108,2016-09-21,23.0
6109,2016-09-22,20.0
6110,2016-09-23,20.0
6111,2016-09-24,23.0
6112,2016-09-25,20.0
6113,2016-09-26,19.0
6114,2016-09-27,20.0
6115,2016-09-28,24.0
6116,2016-09-29,19.0
6117,2016-09-30,18.6
6118,2016-10-01,16.0
6119,2016-10-02,17.0
6120,2016-10-03,18.0
6121,2016-10-04,18.0
6122,2016-10-05,16.0
6123,2016-10-06,15.0
6124,2016-10-07,15.0
6125,2016-10-08,16.0
6126,2016-10-09,15.0
6127,2016-10-10,14.0
6128,2016-10-11,15.0
6129,2016-10-12,15.3
6130,2016-10-13,14.0
6131,2016-10-14,14.0
6132,2016-10-15,17.0
6133,2016-10-16,17.0
6134,2016-10-17,16.8
6135,2016-10-18,14.0
6136,2016-10-19,14.0
6137,2016-10-20,14.0
6138,2016-10-21,13.0
6139,2016-10-22,13.0
6140,2016-10-23,13.0
6141,2016-10-24,14.0
6142,2016-10-25,13.1
6143,2016-10-26,17.0
6144,2016-10-27,16.0
6145,2016-10-28,17.0
6146,2016-10-29,15.2
6147,2016-10-30,13.0
6148,2016-10-31,17.0
6149,2016-11-01,13.0
6150,2016-11-02,11.0
6151,2016-11-03,11.0
6152,2016-11-04,12.0
6153,2016-11-05,10.0
6154,2016-11-06,8.0
6155,2016-11-07,9.0
6156,2016-11-08,7.0
6157,2016-11-09,9.2
6158,2016-11-10,10.8
6159,2016-11-11,11.0
6160,2016-11-12,10.4
6161,2016-11-13,10.0
6162,2016-11-14,12.6
6163,2016-11-15,16.0
6164,2016-11-16,14.0
6165,2016-11-17,14.0
6166,2016-11-18,7.7
6167,2016-11-19,8.0
6168,2016-11-20,10.0
6169,2016-11-21,13.0
6170,2016-11-22,12.0
6171,2016-11-23,9.6
6172,2016-11-24,11.0
6173,2016-11-25,12.0
6174,2016-11-26,8.2
6175,2016-11-27,9.0
6176,2016-11-28,9.0
6177,2016-11-29,7.0
6178,2016-11-30,7.0
6179,2016-12-01,8.0
6180,2016-12-02,8.0
6181,2016-12-03,9.0
6182,2016-12-04,8.0
6183,2016-12-05,7.0
6184,2016-12-06,11.0
6185,2016-12-07,14.0
6186,2016-12-08,14.0
6187,2016-12-09,15.0
6188,2016-12-10,14.0
6189,2016-12-11,11.0
6190,2016-12-12,12.0
6191,2016-12-13,14.0
6192,2016-12-14,14.0
6193,2016-12-15,11.0
6194,2016-12-16,10.0
6195,2016-12-17,9.0
6196,2016-12-18,9.0
6197,2016-12-19,8.0
6198,2016-12-20,7.0
6199,2016-12-21,12.0
6200,2016-12-22,11.0
6201,2016-12-23,12.0
6202,2016-12-24,11.0
6203,2016-12-25,14.0
6204,2016-12-26,13.0
6205,2016-12-27,7.0
6206,2016-12-28,5.0
6207,2016-12-29,9.0
6208,2016-12-30,5.0
6209,2016-12-31,9.0
6210,2017-01-01,9.4
6211,2017-01-02,6.0
6212,2017-01-03,6.0
6213,2017-01-04,8.0
6214,2017-01-05,6.0
6215,2017-01-06,8.0
6216,2017-01-07,11.0
6217,2017-01-08,11.0
6218,2017-01-09,11.0
6219,2017-01-10,9.0
6220,2017-01-11,12.0
6221,2017-01-12,8.0
6222,2017-01-13,6.0
6223,2017-01-14,5.0
6224,2017-01-15,9.0
6225,2017-01-16,7.0
6226,2017-01-17,5.0
6227,2017-01-18,5.1
6228,2017-01-19,7.0
6229,2017-01-20,7.0
6230,2017-01-21,5.0
6231,2017-01-22,6.0
6232,2017-01-23,5.0
6233,2017-01-24,10.0
6234,2017-01-25,4.0
6235,2017-01-26,0.0
6236,2017-01-27,7.0
6237,2017-01-28,10.0
6238,2017-01-29,10.0
6239,2017-01-30,11.0
6240,2017-01-31,8.0
6241,2017-02-01,12.0
6242,2017-02-02,12.0
6243,2017-02-03,11.0
6244,2017-02-04,9.0
6245,2017-02-05,7.0
6246,2017-02-06,9.0
6247,2017-02-07,11.0
6248,2017-02-08,6.0
6249,2017-02-09,3.0
6250,2017-02-10,3.0
6251,2017-02-11,3.0
6252,2017-02-12,6.0
6253,2017-02-13,9.0
6254,2017-02-14,11.0
6255,2017-02-15,12.0
6256,2017-02-16,12.0
6257,2017-02-17,13.0
6258,2017-02-18,12.0
6259,2017-02-19,12.0
6260,2017-02-20,18.0
6261,2017-02-21,14.0
6262,2017-02-22,14.0
6263,2017-02-23,12.0
6264,2017-02-24,10.0
6265,2017-02-25,11.0
6266,2017-02-26,12.0
6267,2017-02-27,10.0
6268,2017-02-28,9.0
6269,2017-03-01,10.0
6270,2017-03-02,12.0
6271,2017-03-03,11.0
6272,2017-03-04,12.0
6273,2017-03-05,11.0
6274,2017-03-06,11.0
6275,2017-03-07,11.0
6276,2017-03-08,15.0
6277,2017-03-09,16.0
6278,2017-03-10,13.0
6279,2017-03-11,17.0
6280,2017-03-12,14.0
6281,2017-03-13,15.0
6282,2017-03-14,15.0
6283,2017-03-15,18.0
6284,2017-03-16,15.0
6285,2017-03-17,12.0
6286,2017-03-18,16.0
6287,2017-03-19,16.0
6288,2017-03-20,14.0
6289,2017-03-21,12.0
6290,2017-03-22,10.0
6291,2017-03-23,11.0
6292,2017-03-24,13.0
6293,2017-03-25,14.0
6294,2017-03-26,
6295,2017-03-27,14.0
6296,2017-03-28,18.0
6297,2017-03-29,16.0
6298,2017-03-30,21.0
6299,2017-03-31,17.0
6300,2017-04-01,15.0
6301,2017-04-02,16.0
6302,2017-04-03,17.0
6303,2017-04-04,15.0
6304,2017-04-05,14.0
6305,2017-04-06,18.0
6306,2017-04-07,17.0
6307,2017-04-08,21.0
6308,2017-04-09,25.0
6309,2017-04-10,14.0
6310,2017-04-11,16.0
6311,2017-04-12,17.0
6312,2017-04-13,13.0
6313,2017-04-14,15.0
6314,2017-04-15,14.0
6315,2017-04-16,15.0
6316,2017-04-17,12.0
6317,2017-04-18,12.0
6318,2017-04-19,13.0
6319,2017-04-20,15.0
6320,2017-04-21,15.0
6321,2017-04-22,15.0
6322,2017-04-23,15.0
6323,2017-04-24,14.0
6324,2017-04-25,11.0
6325,2017-04-26,9.0
6326,2017-04-27,11.0
6327,2017-04-28,14.0
6328,2017-04-29,16.0
6329,2017-04-30,17.0
6330,2017-05-01,13.0
6331,2017-05-02,16.0
6332,2017-05-03,11.0
6333,2017-05-04,13.0
6334,2017-05-05,14.0
6335,2017-05-06,15.0
6336,2017-05-07,16.0
6337,2017-05-08,12.0
6338,2017-05-09,13.0
6339,2017-05-10,16.0
6340,2017-05-11,19.0
6341,2017-05-12,19.0
6342,2017-05-13,18.4
6343,2017-05-14,19.4
6344,2017-05-15,19.0
6345,2017-05-16,24.0
6346,2017-05-17,19.0
6347,2017-05-18,18.0
6348,2017-05-19,15.0
6349,2017-05-20,16.0
6350,2017-05-21,20.0
6351,2017-05-22,24.0
6352,2017-05-23,21.0
6353,2017-05-24,25.0
6354,2017-05-25,24.0
6355,2017-05-26,25.0
6356,2017-05-27,23.0
6357,2017-05-28,24.0
6358,2017-05-29,23.0
6359,2017-05-30,20.0
6360,2017-05-31,22.0
6361,2017-06-01,25.0
6362,2017-06-02,25.0
6363,2017-06-03,21.0
6364,2017-06-04,19.0
6365,2017-06-05,18.0
6366,2017-06-06,17.0
6367,2017-06-07,19.0
6368,2017-06-08,19.0
6369,2017-06-09,20.0
6370,2017-06-10,23.0
6371,2017-06-11,23.0
6372,2017-06-12,20.0
6373,2017-06-13,23.0
6374,2017-06-14,25.0
6375,2017-06-15,25.0
6376,2017-06-16,24.0
6377,2017-06-17,29.0
6378,2017-06-18,31.0
6379,2017-06-19,30.0
6380,2017-06-20,29.0
6381,2017-06-21,30.0
6382,2017-06-22,25.0
6383,2017-06-23,24.0
6384,2017-06-24,23.0
6385,2017-06-25,23.0
6386,2017-06-26,23.0
6387,2017-06-27,21.0
6388,2017-06-28,17.0
6389,2017-06-29,18.0
6390,2017-06-30,20.6
6391,2017-07-01,22.0
6392,2017-07-02,23.0
6393,2017-07-03,24.0
6394,2017-07-04,24.0
6395,2017-07-05,27.0
6396,2017-07-06,31.2
6397,2017-07-07,29.0
6398,2017-07-08,27.0
6399,2017-07-09,27.0
6400,2017-07-10,26.0
6401,2017-07-11,21.0
6402,2017-07-12,21.0
6403,2017-07-13,22.0
6404,2017-07-14,21.0
6405,2017-07-15,22.0
6406,2017-07-16,25.0
6407,2017-07-17,25.0
6408,2017-07-18,25.0
6409,2017-07-19,23.0
6410,2017-07-20,21.0
6411,2017-07-21,22.0
6412,2017-07-22,19.0
6413,2017-07-23,19.0
6414,2017-07-24,17.0
6415,2017-07-25,22.0
6416,2017-07-26,22.0
6417,2017-07-27,21.0
6418,2017-07-28,21.0
6419,2017-07-29,21.0
6420,2017-07-30,21.0
6421,2017-07-31,22.0
6422,2017-08-01,23.0
6423,2017-08-02,20.0
6424,2017-08-03,21.0
6425,2017-08-04,21.0
6426,2017-08-05,20.0
6427,2017-08-06,22.0
6428,2017-08-07,21.0
6429,2017-08-08,15.3
6430,2017-08-09,16.0
6431,2017-08-10,20.0
6432,2017-08-11,22.0
6433,2017-08-12,22.0
6434,2017-08-13,22.0
6435,2017-08-14,24.0
6436,2017-08-15,22.8
6437,2017-08-16,23.0
6438,2017-08-17,24.0
6439,2017-08-18,20.0
6440,2017-08-19,20.0
6441,2017-08-20,21.0
6442,2017-08-21,19.0
6443,2017-08-22,23.0
6444,2017-08-23,22.0
6445,2017-08-24,21.0
6446,2017-08-25,24.0
6447,2017-08-26,25.0
6448,2017-08-27,26.0
6449,2017-08-28,28.0
6450,2017-08-29,25.0
6451,2017-08-30,18.0
6452,2017-08-31,20.0
6453,2017-09-01,21.0
6454,2017-09-02,21.0
6455,2017-09-03,19.0
6456,2017-09-04,22.0
6457,2017-09-05,21.0
6458,2017-09-06,20.0
6459,2017-09-07,20.0
6460,2017-09-08,19.0
6461,2017-09-09,19.0
6462,2017-09-10,18.0
6463,2017-09-11,20.0
6464,2017-09-12,18.0
6465,2017-09-13,18.0
6466,2017-09-14,17.0
6467,2017-09-15,16.0
6468,2017-09-16,16.0
6469,2017-09-17,17.0
6470,2017-09-18,16.9
6471,2017-09-19,16.0
6472,2017-09-20,18.0
6473,2017-09-21,19.0
6474,2017-09-22,19.0
6475,2017-09-23,19.0
6476,2017-09-24,22.0
6477,2017-09-25,18.0
6478,2017-09-26,20.0
6479,2017-09-27,21.0
6480,2017-09-28,20.0
6481,2017-09-29,20.0
6482,2017-09-30,17.0
6483,2017-10-01,18.0
6484,2017-10-02,18.0
6485,2017-10-03,16.0
6486,2017-10-04,16.0
6487,2017-10-05,17.0
6488,2017-10-06,16.0
6489,2017-10-07,18.0
6490,2017-10-08,17.0
6491,2017-10-09,18.0
6492,2017-10-10,17.0
6493,2017-10-11,17.0
6494,2017-10-12,18.0
6495,2017-10-13,20.0
6496,2017-10-14,20.0
6497,2017-10-15,20.0
6498,2017-10-16,23.0
6499,2017-10-17,16.0
6500,2017-10-18,16.0
6501,2017-10-19,18.0
6502,2017-10-20,15.0
6503,2017-10-21,16.0
6504,2017-10-22,14.0
6505,2017-10-23,17.0
6506,2017-10-24,19.0
6507,2017-10-25,19.0
6508,2017-10-26,16.0
6509,2017-10-27,15.0
6510,2017-10-28,16.0
6511,2017-10-29,15.0
6512,2017-10-30,12.0
6513,2017-10-31,13.0
6514,2017-11-01,16.0
6515,2017-11-02,13.0
6516,2017-11-03,15.0
6517,2017-11-04,14.0
6518,2017-11-05,10.0
6519,2017-11-06,11.8
6520,2017-11-07,12.0
6521,2017-11-08,10.0
6522,2017-11-09,14.0
6523,2017-11-10,11.9
6524,2017-11-11,10.0
6525,2017-11-12,9.0
6526,2017-11-13,8.0
6527,2017-11-14,12.0
6528,2017-11-15,12.0
6529,2017-11-16,14.0
6530,2017-11-17,10.0
6531,2017-11-18,10.0
6532,2017-11-19,8.0
6533,2017-11-20,13.0
6534,2017-11-21,15.0
6535,2017-11-22,16.0
6536,2017-11-23,16.0
6537,2017-11-24,9.0
6538,2017-11-25,8.0
6539,2017-11-26,8.0
6540,2017-11-27,11.0
6541,2017-11-28,7.0
6542,2017-11-29,6.0
6543,2017-11-30,4.0
6544,2017-12-01,7.0
6545,2017-12-02,7.0
6546,2017-12-03,10.0
6547,2017-12-04,10.0
6548,2017-12-05,9.0
6549,2017-12-06,12.0
6550,2017-12-07,13.0
6551,2017-12-08,6.0
6552,2017-12-09,5.0
6553,2017-12-10,3.0
6554,2017-12-11,4.0
6555,2017-12-12,7.0
6556,2017-12-13,10.0
6557,2017-12-14,7.0
6558,2017-12-15,6.0
6559,2017-12-16,6.0
6560,2017-12-17,10.0
6561,2017-12-18,10.0
6562,2017-12-19,8.0
6563,2017-12-20,11.0
6564,2017-12-21,12.0
6565,2017-12-22,12.0
6566,2017-12-23,11.0
6567,2017-12-24,11.0
6568,2017-12-25,11.0
6569,2017-12-26,9.0
6570,2017-12-27,8.0
6571,2017-12-28,6.0
6572,2017-12-29,9.0
6573,2017-12-30,14.0
6574,2017-12-31,14.0
6575,2018-01-01,7.4
6576,2018-01-02,12.0
6577,2018-01-03,13.0
6578,2018-01-04,13.0
6579,2018-01-05,9.0
6580,2018-01-06,6.0
6581,2018-01-07,6.0
6582,2018-01-08,6.0
6583,2018-01-09,8.0
6584,2018-01-10,10.0
6585,2018-01-11,8.0
6586,2018-01-12,8.0
6587,2018-01-13,7.0
6588,2018-01-14,7.0
6589,2018-01-15,12.0
6590,2018-01-16,8.0
6591,2018-01-17,8.0
6592,2018-01-18,12.0
6593,2018-01-19,7.0
6594,2018-01-20,6.0
6595,2018-01-21,11.0
6596,2018-01-22,11.0
6597,2018-01-23,14.0
6598,2018-01-24,14.0
6599,2018-01-25,11.0
6600,2018-01-26,8.0
6601,2018-01-27,12.0
6602,2018-01-28,14.0
6603,2018-01-29,13.0
6604,2018-01-30,9.0
6605,2018-01-31,11.0
6606,2018-02-01,8.0
6607,2018-02-02,7.0
6608,2018-02-03,6.0
6609,2018-02-04,6.0
6610,2018-02-05,4.0
6611,2018-02-06,4.0
6612,2018-02-07,6.0
6613,2018-02-08,8.0
6614,2018-02-09,7.0
6615,2018-02-10,10.0
6616,2018-02-11,11.0
6617,2018-02-12,7.0
6618,2018-02-13,6.0
6619,2018-02-14,7.0
6620,2018-02-15,10.0
6621,2018-02-16,10.0
6622,2018-02-17,11.0
6623,2018-02-18,11.0
6624,2018-02-19,11.0
6625,2018-02-20,9.0
6626,2018-02-21,6.0
6627,2018-02-22,6.0
6628,2018-02-23,4.0
6629,2018-02-24,5.0
6630,2018-02-25,4.0
6631,2018-02-26,2.0
6632,2018-02-27,1.0
6633,2018-02-28,-1.0
6634,2018-03-01,1.0
6635,2018-03-02,1.0
6636,2018-03-03,4.0
6637,2018-03-04,9.0
6638,2018-03-05,11.0
6639,2018-03-06,10.0
6640,2018-03-07,11.0
6641,2018-03-08,10.0
6642,2018-03-09,12.0
6643,2018-03-10,15.0
6644,2018-03-11,10.0
6645,2018-03-12,12.0
6646,2018-03-13,11.0
6647,2018-03-14,13.0
6648,2018-03-15,13.0
6649,2018-03-16,14.0
6650,2018-03-17,8.0
6651,2018-03-18,2.0
6652,2018-03-19,4.0
6653,2018-03-20,8.0
6654,2018-03-21,11.0
6655,2018-03-22,12.0
6656,2018-03-23,12.0
6657,2018-03-24,9.0
6658,2018-03-25,
6659,2018-03-26,13.0
6660,2018-03-27,15.0
6661,2018-03-28,9.0
6662,2018-03-29,10.0
6663,2018-03-30,8.0
6664,2018-03-31,9.0
6665,2018-04-01,8.0
6666,2018-04-02,12.0
6667,2018-04-03,14.0
6668,2018-04-04,13.0
6669,2018-04-05,13.0
6670,2018-04-06,17.0
6671,2018-04-07,18.0
6672,2018-04-08,12.0
6673,2018-04-09,10.0
6674,2018-04-10,14.0
6675,2018-04-11,11.3
6676,2018-04-12,11.0
6677,2018-04-13,12.0
6678,2018-04-14,17.0
6679,2018-04-15,16.0
6680,2018-04-16,16.0
6681,2018-04-17,19.0
6682,2018-04-18,24.0
6683,2018-04-19,28.0
6684,2018-04-20,26.0
6685,2018-04-21,21.0
6686,2018-04-22,24.0
6687,2018-04-23,16.0
6688,2018-04-24,18.0
6689,2018-04-25,14.0
6690,2018-04-26,15.0
6691,2018-04-27,13.0
6692,2018-04-28,11.0
6693,2018-04-29,9.0
6694,2018-04-30,9.0
6695,2018-05-01,15.0
6696,2018-05-02,14.0
6697,2018-05-03,17.0
6698,2018-05-04,20.0
6699,2018-05-05,21.0
6700,2018-05-06,23.0
6701,2018-05-07,26.0
6702,2018-05-08,26.0
6703,2018-05-09,21.0
6704,2018-05-10,17.0
6705,2018-05-11,18.0
6706,2018-05-12,14.8
6707,2018-05-13,17.2
6708,2018-05-14,18.0
6709,2018-05-15,22.0
6710,2018-05-16,15.0
6711,2018-05-17,17.0
6712,2018-05-18,18.0
6713,2018-05-19,20.0
6714,2018-05-20,20.0
6715,2018-05-21,22.0
6716,2018-05-22,22.0
6717,2018-05-23,19.0
6718,2018-05-24,22.0
6719,2018-05-25,20.0
6720,2018-05-26,25.0
6721,2018-05-27,25.0
6722,2018-05-28,25.0
6723,2018-05-29,18.0
6724,2018-05-30,22.0
6725,2018-05-31,22.0
6726,2018-06-01,24.0
6727,2018-06-02,24.0
6728,2018-06-03,26.0
6729,2018-06-04,18.0
6730,2018-06-05,18.0
6731,2018-06-06,22.2
6732,2018-06-07,21.0
6733,2018-06-08,22.0
6734,2018-06-09,22.0
6735,2018-06-10,22.0
6736,2018-06-11,24.0
6737,2018-06-12,19.0
6738,2018-06-13,22.0
6739,2018-06-14,24.0
6740,2018-06-15,23.0
6741,2018-06-16,20.0
6742,2018-06-17,20.0
6743,2018-06-18,26.0
6744,2018-06-19,25.0
6745,2018-06-20,25.0
6746,2018-06-21,19.0
6747,2018-06-22,22.0
6748,2018-06-23,23.0
6749,2018-06-24,25.0
6750,2018-06-25,29.0
6751,2018-06-26,26.0
6752,2018-06-27,24.0
6753,2018-06-28,27.0
6754,2018-06-29,27.0
6755,2018-06-30,26.0
6756,2018-07-01,28.0
6757,2018-07-02,27.0
6758,2018-07-03,25.0
6759,2018-07-04,25.0
6760,2018-07-05,30.0
6761,2018-07-06,30.0
6762,2018-07-07,31.0
6763,2018-07-08,30.0
6764,2018-07-09,28.0
6765,2018-07-10,21.0
6766,2018-07-11,22.0
6767,2018-07-12,25.0
6768,2018-07-13,25.0
6769,2018-07-14,27.0
6770,2018-07-15,30.0
6771,2018-07-16,29.0
6772,2018-07-17,24.0
6773,2018-07-18,25.0
6774,2018-07-19,27.0
6775,2018-07-20,24.0
6776,2018-07-21,25.0
6777,2018-07-22,25.5
6778,2018-07-23,28.6
6779,2018-07-24,26.8
6780,2018-07-25,27.7
6781,2018-07-26,30.6
6782,2018-07-27,26.8
6783,2018-07-28,20.6
6784,2018-07-29,19.5
6785,2018-07-30,21.9
6786,2018-07-31,22.6
6787,2018-08-01,23.4
6788,2018-08-02,26.6
6789,2018-08-03,29.2
6790,2018-08-04,26.4
6791,2018-08-05,28.4
6792,2018-08-06,29.5
6793,2018-08-07,27.4
6794,2018-08-08,22.0
6795,2018-08-09,18.5
6796,2018-08-10,17.8
6797,2018-08-11,20.7
6798,2018-08-12,18.8
6799,2018-08-13,22.2
6800,2018-08-14,22.8
6801,2018-08-15,23.2
6802,2018-08-16,19.5
6803,2018-08-17,20.3
6804,2018-08-18,22.5
6805,2018-08-19,23.4
6806,2018-08-20,24.3
6807,2018-08-21,23.5
6808,2018-08-22,24.1
6809,2018-08-23,21.3
6810,2018-08-24,17.4
6811,2018-08-25,18.0
6812,2018-08-26,16.9
6813,2018-08-27,20.2
6814,2018-08-28,20.7
6815,2018-08-29,19.1
6816,2018-08-30,18.7
6817,2018-08-31,20.3
6818,2018-09-01,22.7
6819,2018-09-02,23.2
6820,2018-09-03,22.2
6821,2018-09-04,20.7
6822,2018-09-05,19.2
6823,2018-09-06,19.1
6824,2018-09-07,17.5
6825,2018-09-08,17.7
6826,2018-09-09,20.5
6827,2018-09-10,19.3
6828,2018-09-11,20.9
6829,2018-09-12,16.8
6830,2018-09-13,18.7
6831,2018-09-14,17.0
6832,2018-09-15,18.9
6833,2018-09-16,21.4
6834,2018-09-17,23.2
6835,2018-09-18,20.9
6836,2018-09-19,20.8
6837,2018-09-20,19.6
6838,2018-09-21,17.7
6839,2018-09-22,13.8
6840,2018-09-23,11.9
6841,2018-09-24,14.9
6842,2018-09-25,16.1
6843,2018-09-26,20.0
6844,2018-09-27,20.8
6845,2018-09-28,15.0
6846,2018-09-29,16.0
6847,2018-09-30,14.3
6848,2018-10-01,13.7
6849,2018-10-02,18.1
6850,2018-10-03,17.8
6851,2018-10-04,18.3
6852,2018-10-05,19.4
6853,2018-10-06,13.4
6854,2018-10-07,13.6
6855,2018-10-08,16.6
6856,2018-10-09,18.8
6857,2018-10-10,21.6
6858,2018-10-11,19.8
6859,2018-10-12,19.2
6860,2018-10-13,22.6
6861,2018-10-14,18.5
6862,2018-10-15,13.9
6863,2018-10-16,19.0
6864,2018-10-17,15.0
6865,2018-10-18,14.4
6866,2018-10-19,14.5
6867,2018-10-20,16.0
6868,2018-10-21,17.3
6869,2018-10-22,12.9
6870,2018-10-23,15.3
6871,2018-10-24,15.8
6872,2018-10-25,13.1
6873,2018-10-26,10.4
6874,2018-10-27,7.1
6875,2018-10-28,8.9
6876,2018-10-29,8.4
6877,2018-10-30,8.4
6878,2018-10-31,11.8
6879,2018-11-01,10.8
6880,2018-11-02,10.5
6881,2018-11-03,13.0
6882,2018-11-04,12.2
6883,2018-11-05,15.4
6884,2018-11-06,14.1
6885,2018-11-07,13.3
6886,2018-11-08,13.0
6887,2018-11-09,12.9
6888,2018-11-10,12.9
6889,2018-11-11,12.7
6890,2018-11-12,12.9
6891,2018-11-13,13.1
6892,2018-11-14,14.0
6893,2018-11-15,14.8
6894,2018-11-16,12.4
6895,2018-11-17,10.9
6896,2018-11-18,9.9
6897,2018-11-19,7.8
6898,2018-11-20,4.5
6899,2018-11-21,6.7
6900,2018-11-22,6.4
6901,2018-11-23,8.8
6902,2018-11-24,7.8
6903,2018-11-25,7.4
6904,2018-11-26,7.0
6905,2018-11-27,8.5
6906,2018-11-28,13.3
6907,2018-11-29,12.6
6908,2018-11-30,10.8
6909,2018-12-01,12.8
6910,2018-12-02,14.0
6911,2018-12-03,12.7
6912,2018-12-04,8.0
6913,2018-12-05,12.0
6914,2018-12-06,13.1
6915,2018-12-07,13.2
6916,2018-12-08,11.9
6917,2018-12-09,10.4
6918,2018-12-10,9.0
6919,2018-12-11,8.2
6920,2018-12-12,6.7
6921,2018-12-13,5.0
6922,2018-12-14,3.5
6923,2018-12-15,6.0
6924,2018-12-16,8.6
6925,2018-12-17,9.5
6926,2018-12-18,10.3
6927,2018-12-19,9.1
6928,2018-12-20,9.6
6929,2018-12-21,11.6
6930,2018-12-22,10.9
6931,2018-12-23,12.0
6932,2018-12-24,7.1
6933,2018-12-25,9.1
6934,2018-12-26,9.5
6935,2018-12-27,7.7
6936,2018-12-28,9.3
6937,2018-12-29,12.2
6938,2018-12-30,11.9
6939,2018-12-31,10.6
6940,2019-01-01,10.4
6941,2019-01-02,5.4
6942,2019-01-03,4.9
6943,2019-01-04,3.4
6944,2019-01-05,5.5
6945,2019-01-06,8.2
6946,2019-01-07,10.5
6947,2019-01-08,8.6
6948,2019-01-09,5.5
6949,2019-01-10,5.6
6950,2019-01-11,7.8
6951,2019-01-12,9.8
6952,2019-01-13,11.4
6953,2019-01-14,8.9
6954,2019-01-15,9.8
6955,2019-01-16,9.5
6956,2019-01-17,5.0
6957,2019-01-18,5.0
6958,2019-01-19,4.8
6959,2019-01-20,4.2
6960,2019-01-21,5.0
6961,2019-01-22,4.9
6962,2019-01-23,2.6
6963,2019-01-24,6.2
6964,2019-01-25,11.4
6965,2019-01-26,9.4
6966,2019-01-27,7.8
6967,2019-01-28,5.7
6968,2019-01-29,5.2
6969,2019-01-30,4.2
6970,2019-01-31,3.3
6971,2019-02-01,2.7
6972,2019-02-02,4.0
6973,2019-02-03,5.2
6974,2019-02-04,9.6
6975,2019-02-05,9.4
6976,2019-02-06,10.3
6977,2019-02-07,9.0
6978,2019-02-08,10.4
6979,2019-02-09,10.2
6980,2019-02-10,7.0
6981,2019-02-11,8.6
6982,2019-02-12,10.8
6983,2019-02-13,10.9
6984,2019-02-14,11.9
6985,2019-02-15,13.0
6986,2019-02-16,12.7
6987,2019-02-17,13.4
6988,2019-02-18,10.0
6989,2019-02-19,10.5
6990,2019-02-20,11.4
6991,2019-02-21,13.8
6992,2019-02-22,13.3
6993,2019-02-23,15.7
6994,2019-02-24,15.2
6995,2019-02-25,16.4
6996,2019-02-26,17.0
6997,2019-02-27,16.5
6998,2019-02-28,11.2
6999,2019-03-01,11.7
7000,2019-03-02,12.5
7001,2019-03-03,11.5
7002,2019-03-04,9.0
7003,2019-03-05,10.9
7004,2019-03-06,11.9
7005,2019-03-07,9.9
7006,2019-03-08,9.5
7007,2019-03-09,12.0
7008,2019-03-10,9.5
7009,2019-03-11,10.3
7010,2019-03-12,9.1
7011,2019-03-13,11.3
7012,2019-03-14,12.8
7013,2019-03-15,13.8
7014,2019-03-16,12.4
7015,2019-03-17,9.4
7016,2019-03-18,9.6
7017,2019-03-19,12.5
7018,2019-03-20,13.9
7019,2019-03-21,13.7
7020,2019-03-22,13.0
7021,2019-03-23,11.5
7022,2019-03-24,12.2
7023,2019-03-25,12.1
7024,2019-03-26,12.2
7025,2019-03-27,12.5
7026,2019-03-28,14.0
7027,2019-03-29,16.0
7028,2019-03-30,17.0
7029,2019-03-31,
7030,2019-04-01,12.9
7031,2019-04-02,8.0
7032,2019-04-03,8.2
7033,2019-04-04,7.7
7034,2019-04-05,11.3
7035,2019-04-06,10.9
7036,2019-04-07,12.8
7037,2019-04-08,13.2
7038,2019-04-09,11.0
7039,2019-04-10,10.5
7040,2019-04-11,10.2
7041,2019-04-12,9.2
7042,2019-04-13,8.8
7043,2019-04-14,9.4
7044,2019-04-15,12.7
7045,2019-04-16,14.4
7046,2019-04-17,17.2
7047,2019-04-18,19.2
7048,2019-04-19,21.5
7049,2019-04-20,22.0
7050,2019-04-21,21.9
7051,2019-04-22,22.4
7052,2019-04-23,21.4
7053,2019-04-24,15.9
7054,2019-04-25,13.8
7055,2019-04-26,13.9
7056,2019-04-27,10.3
7057,2019-04-28,12.2
7058,2019-04-29,13.3
7059,2019-04-30,15.6
7060,2019-05-01,15.8
7061,2019-05-02,14.0
7062,2019-05-03,12.5
7063,2019-05-04,9.3
7064,2019-05-05,9.8
7065,2019-05-06,10.5
7066,2019-05-07,13.1
7067,2019-05-08,12.1
7068,2019-05-09,12.8
7069,2019-05-10,13.5
7070,2019-05-11,12.3
7071,2019-05-12,14.7
7072,2019-05-13,14.9
7073,2019-05-14,16.1
7074,2019-05-15,17.6
7075,2019-05-16,16.0
7076,2019-05-17,13.1
7077,2019-05-18,15.8
7078,2019-05-19,15.7
7079,2019-05-20,17.8
7080,2019-05-21,18.6
7081,2019-05-22,17.9
7082,2019-05-23,19.2
7083,2019-05-24,20.0
7084,2019-05-25,20.2
7085,2019-05-26,18.3
7086,2019-05-27,17.0
7087,2019-05-28,15.0
7088,2019-05-29,15.4
7089,2019-05-30,20.4
7090,2019-05-31,19.5
7091,2019-06-01,23.9
7092,2019-06-02,23.9
7093,2019-06-03,18.3
7094,2019-06-04,17.1
7095,2019-06-05,16.9
7096,2019-06-06,17.0
7097,2019-06-07,15.4
7098,2019-06-08,15.7
7099,2019-06-09,17.3
7100,2019-06-10,11.8
7101,2019-06-11,15.3
7102,2019-06-12,14.3
7103,2019-06-13,12.9
7104,2019-06-14,16.9
7105,2019-06-15,16.8
7106,2019-06-16,17.3
7107,2019-06-17,19.0
7108,2019-06-18,18.4
7109,2019-06-19,18.1
7110,2019-06-20,17.4
7111,2019-06-21,18.1
7112,2019-06-22,20.0
7113,2019-06-23,22.7
7114,2019-06-24,24.0
7115,2019-06-25,23.1
7116,2019-06-26,20.4
7117,2019-06-27,21.1
7118,2019-06-28,23.1
7119,2019-06-29,31.1
7120,2019-06-30,23.1
7121,2019-07-01,20.9
7122,2019-07-02,19.6
7123,2019-07-03,20.2
7124,2019-07-04,23.8
7125,2019-07-05,24.9
7126,2019-07-06,21.9
7127,2019-07-07,17.2
7128,2019-07-08,19.6
7129,2019-07-09,20.2
7130,2019-07-10,23.1
7131,2019-07-11,23.5
7132,2019-07-12,22.8
7133,2019-07-13,22.2
7134,2019-07-14,20.2
7135,2019-07-15,19.8
7136,2019-07-16,23.6
7137,2019-07-17,24.0
7138,2019-07-18,22.5
7139,2019-07-19,19.1
7140,2019-07-20,22.1
7141,2019-07-21,21.5
7142,2019-07-22,26.4
7143,2019-07-23,30.7
7144,2019-07-24,30.2
7145,2019-07-25,34.8
7146,2019-07-26,26.4
7147,2019-07-27,18.4
7148,2019-07-28,19.1
7149,2019-07-29,23.7
7150,2019-07-30,19.3
7151,2019-07-31,21.0
7152,2019-08-01,22.9
7153,2019-08-02,22.6
7154,2019-08-03,22.6
7155,2019-08-04,22.9
7156,2019-08-05,22.3
7157,2019-08-06,20.9
7158,2019-08-07,21.6
7159,2019-08-08,22.4
7160,2019-08-09,22.7
7161,2019-08-10,20.5
7162,2019-08-11,20.2
7163,2019-08-12,17.4
7164,2019-08-13,18.1
7165,2019-08-14,16.6
7166,2019-08-15,20.8
7167,2019-08-16,17.3
7168,2019-08-17,20.4
7169,2019-08-18,19.7
7170,2019-08-19,18.5
7171,2019-08-20,19.2
7172,2019-08-21,20.4
7173,2019-08-22,22.3
7174,2019-08-23,24.5
7175,2019-08-24,27.7
7176,2019-08-25,30.4
7177,2019-08-26,30.6
7178,2019-08-27,30.6
7179,2019-08-28,22.7
7180,2019-08-29,21.8
7181,2019-08-30,22.5
7182,2019-08-31,20.8
7183,2019-09-01,18.4
7184,2019-09-02,19.3
7185,2019-09-03,20.7
7186,2019-09-04,19.1
7187,2019-09-05,17.0
7188,2019-09-06,16.3
7189,2019-09-07,16.5
7190,2019-09-08,16.6
7191,2019-09-09,13.5
7192,2019-09-10,18.2
7193,2019-09-11,19.4
7194,2019-09-12,21.8
7195,2019-09-13,19.4
7196,2019-09-14,21.3
7197,2019-09-15,23.0
7198,2019-09-16,18.1
7199,2019-09-17,17.5
7200,2019-09-18,17.6
7201,2019-09-19,20.4
7202,2019-09-20,19.4
7203,2019-09-21,23.1
7204,2019-09-22,19.8
7205,2019-09-23,18.1
7206,2019-09-24,17.5
7207,2019-09-25,18.3
7208,2019-09-26,18.3
7209,2019-09-27,16.1
7210,2019-09-28,17.7
7211,2019-09-29,17.7
7212,2019-09-30,15.7
7213,2019-10-01,16.5
7214,2019-10-02,12.4
7215,2019-10-03,12.2
7216,2019-10-04,14.2
7217,2019-10-05,14.1
7218,2019-10-06,14.5
7219,2019-10-07,13.5
7220,2019-10-08,15.1
7221,2019-10-09,13.8
7222,2019-10-10,14.9
7223,2019-10-11,16.0
7224,2019-10-12,12.1
7225,2019-10-13,15.5
7226,2019-10-14,13.9
7227,2019-10-15,14.8
7228,2019-10-16,14.6
7229,2019-10-17,12.8
7230,2019-10-18,13.0
7231,2019-10-19,13.3
7232,2019-10-20,10.8
7233,2019-10-21,11.0
7234,2019-10-22,12.3
7235,2019-10-23,12.9
7236,2019-10-24,12.0
7237,2019-10-25,15.3
7238,2019-10-26,15.9
7239,2019-10-27,10.3
7240,2019-10-28,9.2
7241,2019-10-29,10.0
7242,2019-10-30,10.2
7243,2019-10-31,9.9
7244,2019-11-01,14.2
7245,2019-11-02,13.7
7246,2019-11-03,11.1
7247,2019-11-04,10.8
7248,2019-11-05,9.9
7249,2019-11-06,8.0
7250,2019-11-07,8.2
7251,2019-11-08,7.1
7252,2019-11-09,6.1
7253,2019-11-10,9.0
7254,2019-11-11,7.4
7255,2019-11-12,6.0
7256,2019-11-13,7.1
7257,2019-11-14,5.9
7258,2019-11-15,6.4
7259,2019-11-16,6.5
7260,2019-11-17,6.6
7261,2019-11-18,6.9
7262,2019-11-19,4.8
7263,2019-11-20,6.1
7264,2019-11-21,6.3
7265,2019-11-22,8.1
7266,2019-11-23,9.5
7267,2019-11-24,10.4
7268,2019-11-25,10.1
7269,2019-11-26,12.0
7270,2019-11-27,10.0
7271,2019-11-28,8.7
7272,2019-11-29,6.1
7273,2019-11-30,5.6
7274,2019-12-01,5.5
7275,2019-12-02,4.7
7276,2019-12-03,7.1
7277,2019-12-04,5.6
7278,2019-12-05,8.5
7279,2019-12-06,11.2
7280,2019-12-07,9.4
7281,2019-12-08,11.0
7282,2019-12-09,7.6
7283,2019-12-10,9.7
7284,2019-12-11,6.6
7285,2019-12-12,7.2
7286,2019-12-13,7.3
7287,2019-12-14,6.4
7288,2019-12-15,7.4
7289,2019-12-16,7.6
7290,2019-12-17,6.3
7291,2019-12-18,9.0
7292,2019-12-19,11.1
7293,2019-12-20,9.1
7294,2019-12-21,9.1
7295,2019-12-22,8.2
7296,2019-12-23,8.9
7297,2019-12-24,10.2
7298,2019-12-25,6.8
7299,2019-12-26,8.1
7300,2019-12-27,8.1
7301,2019-12-28,8.5
7302,2019-12-29,8.2
7303,2019-12-30,9.9
7304,2019-12-31,8.5
7305,2020-01-01,6.1
7306,2020-01-02,9.4
7307,2020-01-03,9.5
7308,2020-01-04,7.7
7309,2020-01-05,8.3
7310,2020-01-06,8.0
7311,2020-01-07,11.9
7312,2020-01-08,11.7
7313,2020-01-09,11.2
7314,2020-01-10,6.9
7315,2020-01-11,9.6
7316,2020-01-12,10.1
7317,2020-01-13,9.1
7318,2020-01-14,12.1
7319,2020-01-15,11.2
7320,2020-01-16,10.3
7321,2020-01-17,9.1
7322,2020-01-18,5.8
7323,2020-01-19,5.5
7324,2020-01-20,6.4
7325,2020-01-21,5.8
7326,2020-01-22,7.9
7327,2020-01-23,7.5
7328,2020-01-24,6.7
7329,2020-01-25,7.6
7330,2020-01-26,8.3
7331,2020-01-27,7.5
7332,2020-01-28,6.4
7333,2020-01-29,8.5
7334,2020-01-30,11.3
7335,2020-01-31,10.8
7336,2020-02-01,11.0
7337,2020-02-02,11.9
7338,2020-02-03,10.2
7339,2020-02-04,8.4
7340,2020-02-05,7.8
7341,2020-02-06,7.7
7342,2020-02-07,8.0
7343,2020-02-08,9.3
7344,2020-02-09,12.0
7345,2020-02-10,7.9
7346,2020-02-11,6.8
7347,2020-02-12,7.5
7348,2020-02-13,9.1
7349,2020-02-14,10.0
7350,2020-02-15,12.1
7351,2020-02-16,12.7
7352,2020-02-17,9.1
7353,2020-02-18,8.8
7354,2020-02-19,8.1
7355,2020-02-20,9.5
7356,2020-02-21,9.8
7357,2020-02-22,11.9
7358,2020-02-23,12.5
7359,2020-02-24,10.7
7360,2020-02-25,7.3
7361,2020-02-26,6.6
7362,2020-02-27,5.9
7363,2020-02-28,10.2
7364,2020-02-29,10.2
7365,2020-03-01,8.5
7366,2020-03-02,8.0
7367,2020-03-03,7.9
7368,2020-03-04,7.2
7369,2020-03-05,5.4
7370,2020-03-06,8.0
7371,2020-03-07,10.8
7372,2020-03-08,11.3
7373,2020-03-09,9.9
7374,2020-03-10,14.5
7375,2020-03-11,12.8
7376,2020-03-12,9.2
7377,2020-03-13,9.5
7378,2020-03-14,11.9
7379,2020-03-15,10.4
7380,2020-03-16,10.8
7381,2020-03-17,12.2
7382,2020-03-18,12.8
7383,2020-03-19,7.9
7384,2020-03-20,7.7
7385,2020-03-21,8.8
7386,2020-03-22,8.6
7387,2020-03-23,10.0
7388,2020-03-24,12.3
7389,2020-03-25,12.0
7390,2020-03-26,11.1
7391,2020-03-27,11.5
7392,2020-03-28,9.8
7393,2020-03-29,8.1
7394,2020-03-30,6.7
7395,2020-03-31,8.5
7396,2020-04-01,8.4
7397,2020-04-02,10.9
7398,2020-04-03,10.5
7399,2020-04-04,13.7
7400,2020-04-05,19.0
7401,2020-04-06,16.1
7402,2020-04-07,17.3
7403,2020-04-08,20.2
7404,2020-04-09,20.7
7405,2020-04-10,20.7
7406,2020-04-11,22.9
7407,2020-04-12,21.8
7408,2020-04-13,11.2
7409,2020-04-14,11.0
7410,2020-04-15,15.3
7411,2020-04-16,19.2
7412,2020-04-17,14.4
7413,2020-04-18,13.6
7414,2020-04-19,15.9
7415,2020-04-20,15.5
7416,2020-04-21,16.4
7417,2020-04-22,19.4
7418,2020-04-23,22.0
7419,2020-04-24,20.4
7420,2020-04-25,16.2
7421,2020-04-26,18.7
7422,2020-04-27,17.2
7423,2020-04-28,10.4
7424,2020-04-29,12.1
7425,2020-04-30,10.8
7426,2020-05-01,14.0
7427,2020-05-02,14.0
7428,2020-05-03,15.7
7429,2020-05-04,14.9
7430,2020-05-05,13.0
7431,2020-05-06,15.7
7432,2020-05-07,19.9
7433,2020-05-08,21.7
7434,2020-05-09,22.8
7435,2020-05-10,17.7
7436,2020-05-11,10.0
7437,2020-05-12,12.2
7438,2020-05-13,10.8
7439,2020-05-14,11.0
7440,2020-05-15,15.9
7441,2020-05-16,14.6
7442,2020-05-17,17.4
7443,2020-05-18,21.1
7444,2020-05-19,22.8
7445,2020-05-20,24.8
7446,2020-05-21,25.0
7447,2020-05-22,19.9
7448,2020-05-23,17.2
7449,2020-05-24,19.3
7450,2020-05-25,23.6
7451,2020-05-26,23.4
7452,2020-05-27,23.2
7453,2020-05-28,20.1
7454,2020-05-29,21.6
7455,2020-05-30,22.9
7456,2020-05-31,23.4
7457,2020-06-01,23.2
7458,2020-06-02,22.8
7459,2020-06-03,16.9
7460,2020-06-04,14.3
7461,2020-06-05,13.7
7462,2020-06-06,12.3
7463,2020-06-07,15.7
7464,2020-06-08,14.1
7465,2020-06-09,15.9
7466,2020-06-10,13.4
7467,2020-06-11,16.6
7468,2020-06-12,18.5
7469,2020-06-13,20.9
7470,2020-06-14,20.5
7471,2020-06-15,21.5
7472,2020-06-16,20.2
7473,2020-06-17,20.1
7474,2020-06-18,17.5
7475,2020-06-19,17.1
7476,2020-06-20,19.5
7477,2020-06-21,19.9
7478,2020-06-22,20.9
7479,2020-06-23,25.8
7480,2020-06-24,29.5
7481,2020-06-25,30.0
7482,2020-06-26,25.9
7483,2020-06-27,19.0
7484,2020-06-28,18.6
7485,2020-06-29,18.1
7486,2020-06-30,17.7
7487,2020-07-01,19.7
7488,2020-07-02,19.2
7489,2020-07-03,19.2
7490,2020-07-04,19.9
7491,2020-07-05,19.8
7492,2020-07-06,18.8
7493,2020-07-07,18.4
7494,2020-07-08,17.7
7495,2020-07-09,18.6
7496,2020-07-10,17.1
7497,2020-07-11,18.3
7498,2020-07-12,21.5
7499,2020-07-13,22.7
7500,2020-07-14,18.6
7501,2020-07-15,17.5
7502,2020-07-16,21.1
7503,2020-07-17,25.3
7504,2020-07-18,23.2
7505,2020-07-19,18.6
7506,2020-07-20,20.3
7507,2020-07-21,19.6
7508,2020-07-22,22.8
7509,2020-07-23,22.5
7510,2020-07-24,23.0
7511,2020-07-25,19.9
7512,2020-07-26,20.6
7513,2020-07-27,19.8
7514,2020-07-28,19.2
7515,2020-07-29,20.8
7516,2020-07-30,26.2
7517,2020-07-31,32.1
7518,2020-08-01,23.7
7519,2020-08-02,21.5
7520,2020-08-03,20.0
7521,2020-08-04,21.0
7522,2020-08-05,23.2
7523,2020-08-06,26.1
7524,2020-08-07,33.2
7525,2020-08-08,31.9
7526,2020-08-09,31.4
7527,2020-08-10,31.6
7528,2020-08-11,31.9
7529,2020-08-12,32.2
7530,2020-08-13,25.5
7531,2020-08-14,21.9
7532,2020-08-15,22.1
7533,2020-08-16,23.1
7534,2020-08-17,20.1
7535,2020-08-18,20.9
7536,2020-08-19,19.6
7537,2020-08-20,22.7
7538,2020-08-21,22.0
7539,2020-08-22,20.5
7540,2020-08-23,19.9
7541,2020-08-24,19.2
7542,2020-08-25,20.0
7543,2020-08-26,20.4
7544,2020-08-27,17.0
7545,2020-08-28,15.4
7546,2020-08-29,14.4
7547,2020-08-30,15.5
7548,2020-08-31,16.2
7549,2020-09-01,17.5
7550,2020-09-02,18.4
7551,2020-09-03,19.9
7552,2020-09-04,18.0
7553,2020-09-05,16.3
7554,2020-09-06,17.7
7555,2020-09-07,17.8
7556,2020-09-08,22.1
7557,2020-09-09,20.6
7558,2020-09-10,17.9
7559,2020-09-11,18.7
7560,2020-09-12,19.3
7561,2020-09-13,22.5
7562,2020-09-14,26.4
7563,2020-09-15,27.7
7564,2020-09-16,24.0
7565,2020-09-17,19.7
7566,2020-09-18,19.7
7567,2020-09-19,21.7
7568,2020-09-20,22.5
7569,2020-09-21,22.5
7570,2020-09-22,22.7
7571,2020-09-23,17.1
7572,2020-09-24,14.2
7573,2020-09-25,12.1
7574,2020-09-26,10.3
7575,2020-09-27,13.3
7576,2020-09-28,16.2
7577,2020-09-29,16.5
7578,2020-09-30,16.3
7579,2020-10-01,13.6
7580,2020-10-02,12.2
7581,2020-10-03,13.5
7582,2020-10-04,10.8
7583,2020-10-05,14.5
7584,2020-10-06,14.3
7585,2020-10-07,14.4
7586,2020-10-08,16.2
7587,2020-10-09,12.3
7588,2020-10-10,11.6
7589,2020-10-11,12.0
7590,2020-10-12,10.8
7591,2020-10-13,8.9
7592,2020-10-14,11.9
7593,2020-10-15,11.1
7594,2020-10-16,11.6
7595,2020-10-17,11.4
7596,2020-10-18,11.9
7597,2020-10-19,13.2
7598,2020-10-20,16.4
7599,2020-10-21,14.4
7600,2020-10-22,15.2
7601,2020-10-23,14.0
7602,2020-10-24,14.9
7603,2020-10-25,12.4
7604,2020-10-26,11.8
7605,2020-10-27,11.6
7606,2020-10-28,11.2
7607,2020-10-29,13.8
7608,2020-10-30,15.6
7609,2020-10-31,13.8
7610,2020-11-01,16.6
7611,2020-11-02,16.7
7612,2020-11-03,9.3
7613,2020-11-04,9.4
7614,2020-11-05,8.7
7615,2020-11-06,10.3
7616,2020-11-07,14.0
7617,2020-11-08,13.7
7618,2020-11-09,14.0
7619,2020-11-10,13.1
7620,2020-11-11,12.3
7621,2020-11-12,11.9
7622,2020-11-13,12.1
7623,2020-11-14,13.1
7624,2020-11-15,13.0
7625,2020-11-16,11.6
7626,2020-11-17,13.6
7627,2020-11-18,13.8
7628,2020-11-19,7.9
7629,2020-11-20,9.4
7630,2020-11-21,11.7
7631,2020-11-22,10.7
7632,2020-11-23,8.9
7633,2020-11-24,10.5
7634,2020-11-25,11.3
7635,2020-11-26,6.8
7636,2020-11-27,5.5
7637,2020-11-28,9.9
7638,2020-11-29,7.7
7639,2020-11-30,8.1
7640,2020-12-01,5.8
7641,2020-12-02,5.5
7642,2020-12-03,5.7
7643,2020-12-04,4.2
7644,2020-12-05,5.4
7645,2020-12-06,3.7
7646,2020-12-07,2.5
7647,2020-12-08,2.7
7648,2020-12-09,5.0
7649,2020-12-10,7.4
7650,2020-12-11,8.9
7651,2020-12-12,7.4
7652,2020-12-13,10.1
7653,2020-12-14,10.8
7654,2020-12-15,9.4
7655,2020-12-16,8.9
7656,2020-12-17,9.6
7657,2020-12-18,11.0
7658,2020-12-19,10.2
7659,2020-12-20,8.9
7660,2020-12-21,12.8
7661,2020-12-22,12.4
7662,2020-12-23,10.6
7663,2020-12-24,6.9
7664,2020-12-25,2.3
7665,2020-12-26,9.3
7666,2020-12-27,9.0
7667,2020-12-28,2.8
7668,2020-12-29,2.0
7669,2020-12-30,3.2
7670,2020-12-31,1.2
7671,2021-01-01,2.2
7672,2021-01-02,2.5
7673,2021-01-03,3.0
7674,2021-01-04,2.8
7675,2021-01-05,1.9
7676,2021-01-06,2.7
7677,2021-01-07,-0.3
7678,2021-01-08,1.0
7679,2021-01-09,1.4
7680,2021-01-10,2.5
7681,2021-01-11,7.4
7682,2021-01-12,8.6
7683,2021-01-13,6.8
7684,2021-01-14,6.8
7685,2021-01-15,2.4
7686,2021-01-16,6.3
7687,2021-01-17,5.6
7688,2021-01-18,7.4
7689,2021-01-19,10.4
7690,2021-01-20,10.0
7691,2021-01-21,8.1
7692,2021-01-22,5.9
7693,2021-01-23,2.8
7694,2021-01-24,0.5
7695,2021-01-25,2.8
7696,2021-01-26,5.5
7697,2021-01-27,8.5
7698,2021-01-28,12.3
7699,2021-01-29,9.8
7700,2021-01-30,7.1
7701,2021-01-31,2.9
7702,2021-02-01,4.0
7703,2021-02-02,11.4
7704,2021-02-03,8.7
7705,2021-02-04,7.7
7706,2021-02-05,8.6
7707,2021-02-06,6.0
7708,2021-02-07,2.9
7709,2021-02-08,-1.5
7710,2021-02-09,-1.6
7711,2021-02-10,-1.1
7712,2021-02-11,-1.8
7713,2021-02-12,-1.5
7714,2021-02-13,-1.9
7715,2021-02-14,3.9
7716,2021-02-15,10.6
7717,2021-02-16,9.4
7718,2021-02-17,9.8
7719,2021-02-18,8.6
7720,2021-02-19,9.6
7721,2021-02-20,13.1
7722,2021-02-21,13.5
7723,2021-02-22,11.0
7724,2021-02-23,12.2
7725,2021-02-24,13.6
7726,2021-02-25,10.9
7727,2021-02-26,10.4
7728,2021-02-27,10.8
7729,2021-02-28,9.3
7730,2021-03-01,9.7
7731,2021-03-02,10.7
7732,2021-03-03,10.2
7733,2021-03-04,6.4
7734,2021-03-05,5.3
7735,2021-03-06,5.1
7736,2021-03-07,4.6
7737,2021-03-08,7.9
7738,2021-03-09,10.8
7739,2021-03-10,9.6
7740,2021-03-11,10.6
7741,2021-03-12,9.0
7742,2021-03-13,8.7
7743,2021-03-14,9.4
7744,2021-03-15,10.8
7745,2021-03-16,12.2
7746,2021-03-17,8.6
7747,2021-03-18,7.4
7748,2021-03-19,8.6
7749,2021-03-20,8.9
7750,2021-03-21,9.5
7751,2021-03-22,10.8
7752,2021-03-23,10.4
7753,2021-03-24,11.0
7754,2021-03-25,11.5
7755,2021-03-26,10.3
7756,2021-03-27,9.4
7757,2021-03-28,12.7
7758,2021-03-29,17.0
7759,2021-03-30,20.8
7760,2021-03-31,21.3
7761,2021-04-01,13.4
7762,2021-04-02,9.0
7763,2021-04-03,7.8
7764,2021-04-04,12.9
7765,2021-04-05,6.6
7766,2021-04-06,5.1
7767,2021-04-07,5.9
7768,2021-04-08,9.6
7769,2021-04-09,10.2
7770,2021-04-10,6.0
7771,2021-04-11,7.5
7772,2021-04-12,8.0
7773,2021-04-13,10.0
7774,2021-04-14,9.8
7775,2021-04-15,7.7
7776,2021-04-16,8.9
7777,2021-04-17,10.9
7778,2021-04-18,11.9
7779,2021-04-19,15.1
7780,2021-04-20,15.0
7781,2021-04-21,12.7
7782,2021-04-22,12.2
7783,2021-04-23,14.3
7784,2021-04-24,14.6
7785,2021-04-25,11.0
7786,2021-04-26,10.8
7787,2021-04-27,13.5
7788,2021-04-28,10.5
7789,2021-04-29,10.2
7790,2021-04-30,10.7
7791,2021-05-01,10.8
7792,2021-05-02,11.7
7793,2021-05-03,11.0
7794,2021-05-04,12.0
7795,2021-05-05,10.4
7796,2021-05-06,10.0
7797,2021-05-07,12.0
7798,2021-05-08,14.9
7799,2021-05-09,18.2
7800,2021-05-10,15.2
7801,2021-05-11,14.2
7802,2021-05-12,14.8
7803,2021-05-13,11.8
7804,2021-05-14,12.1
7805,2021-05-15,11.0
7806,2021-05-16,12.8
7807,2021-05-17,13.8
7808,2021-05-18,13.8
7809,2021-05-19,14.0
7810,2021-05-20,12.7
7811,2021-05-21,12.8
7812,2021-05-22,12.5
7813,2021-05-23,12.1
7814,2021-05-24,11.6
7815,2021-05-25,13.6
7816,2021-05-26,13.5
7817,2021-05-27,17.9
7818,2021-05-28,17.6
7819,2021-05-29,18.6
7820,2021-05-30,18.5
7821,2021-05-31,22.3
7822,2021-06-01,23.8
7823,2021-06-02,24.1
7824,2021-06-03,23.0
7825,2021-06-04,16.3
7826,2021-06-05,21.2
7827,2021-06-06,20.4
7828,2021-06-07,21.9
7829,2021-06-08,22.7
7830,2021-06-09,23.9
7831,2021-06-10,22.7
7832,2021-06-11,22.7
7833,2021-06-12,22.8
7834,2021-06-13,26.1
7835,2021-06-14,26.8
7836,2021-06-15,22.9
7837,2021-06-16,26.9
7838,2021-06-17,21.3
7839,2021-06-18,16.5
7840,2021-06-19,17.3
7841,2021-06-20,17.6
7842,2021-06-21,12.6
7843,2021-06-22,13.9
7844,2021-06-23,18.4
7845,2021-06-24,19.7
7846,2021-06-25,18.6
7847,2021-06-26,20.4
7848,2021-06-27,19.9
7849,2021-06-28,20.0
7850,2021-06-29,16.5
7851,2021-06-30,16.3
7852,2021-07-01,19.2
7853,2021-07-02,22.3
7854,2021-07-03,20.7
7855,2021-07-04,18.1
7856,2021-07-05,19.2
7857,2021-07-06,17.8
7858,2021-07-07,18.7
7859,2021-07-08,20.3
7860,2021-07-09,21.4
7861,2021-07-10,17.4
7862,2021-07-11,19.6
7863,2021-07-12,18.8
7864,2021-07-13,21.1
7865,2021-07-14,22.5
7866,2021-07-15,21.8
7867,2021-07-16,24.2
7868,2021-07-17,26.5
7869,2021-07-18,30.0
7870,2021-07-19,27.9
7871,2021-07-20,28.0
7872,2021-07-21,27.3
7873,2021-07-22,27.5
7874,2021-07-23,23.4
7875,2021-07-24,21.4
7876,2021-07-25,20.0
7877,2021-07-26,23.0
7878,2021-07-27,18.8
7879,2021-07-28,18.6
7880,2021-07-29,20.2
7881,2021-07-30,17.3
7882,2021-07-31,19.2
7883,2021-08-01,18.5
7884,2021-08-02,18.8
7885,2021-08-03,19.0
7886,2021-08-04,20.6
7887,2021-08-05,19.1
7888,2021-08-06,19.9
7889,2021-08-07,17.5
7890,2021-08-08,18.0
7891,2021-08-09,17.9
7892,2021-08-10,21.7
7893,2021-08-11,21.5
7894,2021-08-12,21.5
7895,2021-08-13,20.9
7896,2021-08-14,22.4
7897,2021-08-15,21.3
7898,2021-08-16,16.9
7899,2021-08-17,18.0
7900,2021-08-18,20.1
7901,2021-08-19,19.6
7902,2021-08-20,21.4
7903,2021-08-21,18.4
7904,2021-08-22,20.5
7905,2021-08-23,20.2
7906,2021-08-24,20.3
7907,2021-08-25,19.5
7908,2021-08-26,17.1
7909,2021-08-27,17.9
7910,2021-08-28,18.9
7911,2021-08-29,18.2
7912,2021-08-30,17.7
7913,2021-08-31,18.4
7914,2021-09-01,18.2
7915,2021-09-02,18.5
7916,2021-09-03,20.7
7917,2021-09-04,20.0
7918,2021-09-05,23.1
7919,2021-09-06,25.9
7920,2021-09-07,27.8
7921,2021-09-08,26.8
7922,2021-09-09,21.5
7923,2021-09-10,20.3
7924,2021-09-11,21.0
7925,2021-09-12,19.5
7926,2021-09-13,18.8
7927,2021-09-14,18.0
7928,2021-09-15,18.9
7929,2021-09-16,20.9
7930,2021-09-17,20.0
7931,2021-09-18,21.3
7932,2021-09-19,17.7
7933,2021-09-20,18.0
7934,2021-09-21,19.2
7935,2021-09-22,20.4
7936,2021-09-23,20.3
7937,2021-09-24,22.0
7938,2021-09-25,19.9
7939,2021-09-26,20.0
7940,2021-09-27,16.8
7941,2021-09-28,14.6
7942,2021-09-29,13.8
7943,2021-09-30,15.3
7944,2021-10-01,15.9
7945,2021-10-02,14.3
7946,2021-10-03,14.8
7947,2021-10-04,14.8
7948,2021-10-05,13.9
7949,2021-10-06,15.2
7950,2021-10-07,18.9
7951,2021-10-08,18.0
7952,2021-10-09,17.1
7953,2021-10-10,16.5
7954,2021-10-11,14.0
7955,2021-10-12,13.4
7956,2021-10-13,14.9
7957,2021-10-14,15.5
7958,2021-10-15,13.6
7959,2021-10-16,14.3
7960,2021-10-17,14.2
7961,2021-10-18,16.0
7962,2021-10-19,18.9
7963,2021-10-20,16.7
7964,2021-10-21,11.1
7965,2021-10-22,12.0
7966,2021-10-23,12.2
7967,2021-10-24,13.4
7968,2021-10-25,14.0
7969,2021-10-26,15.3
7970,2021-10-27,16.1
7971,2021-10-28,15.0
7972,2021-10-29,14.0
7973,2021-10-30,13.0
7974,2021-10-31,12.6
7975,2021-11-01,12.3
7976,2021-11-02,10.2
7977,2021-11-03,8.3
7978,2021-11-04,8.0
7979,2021-11-05,8.5
7980,2021-11-06,11.3
7981,2021-11-07,10.9
7982,2021-11-08,10.2
7983,2021-11-09,13.6
7984,2021-11-10,13.2
7985,2021-11-11,12.5
7986,2021-11-12,13.0
7987,2021-11-13,12.0
7988,2021-11-14,11.6
7989,2021-11-15,10.3
7990,2021-11-16,9.6
7991,2021-11-17,9.8
7992,2021-11-18,12.5
7993,2021-11-19,12.7
7994,2021-11-20,10.7
7995,2021-11-21,7.4
7996,2021-11-22,7.9
7997,2021-11-23,7.2
7998,2021-11-24,5.8
7999,2021-11-25,4.7
8000,2021-11-26,6.8
8001,2021-11-27,3.7
8002,2021-11-28,2.0
8003,2021-11-29,3.7
8004,2021-11-30,10.1
8005,2021-12-01,9.7
8006,2021-12-02,3.0
8007,2021-12-03,7.8
8008,2021-12-04,6.0
8009,2021-12-05,5.1
8010,2021-12-06,5.4
8011,2021-12-07,6.3
8012,2021-12-08,6.4
8013,2021-12-09,6.6
8014,2021-12-10,6.5
8015,2021-12-11,9.0
8016,2021-12-12,11.8
8017,2021-12-13,10.2
8018,2021-12-14,11.2
8019,2021-12-15,11.0
8020,2021-12-16,9.8
8021,2021-12-17,7.8
8022,2021-12-18,7.7
8023,2021-12-19,6.6
8024,2021-12-20,6.0
8025,2021-12-21,4.3
8026,2021-12-22,2.9
8027,2021-12-23,9.4
8028,2021-12-24,8.5
8029,2021-12-25,7.7
8030,2021-12-26,8.5
8031,2021-12-27,9.5
8032,2021-12-28,9.8
8033,2021-12-29,13.4
8034,2021-12-30,13.7
8035,2021-12-31,13.7
8036,2022-01-01,13.1
8037,2022-01-02,11.5
8038,2022-01-03,9.7
8039,2022-01-04,7.0
8040,2022-01-05,4.6
8041,2022-01-06,5.4
8042,2022-01-07,4.7
8043,2022-01-08,8.5
8044,2022-01-09,6.0
8045,2022-01-10,6.6
8046,2022-01-11,8.3
8047,2022-01-12,5.9
8048,2022-01-13,6.9
8049,2022-01-14,5.4
8050,2022-01-15,5.4
8051,2022-01-16,7.2
8052,2022-01-17,6.9
8053,2022-01-18,5.3
8054,2022-01-19,7.5
8055,2022-01-20,3.9
8056,2022-01-21,4.7
8057,2022-01-22,6.0
8058,2022-01-23,4.3
8059,2022-01-24,4.6
8060,2022-01-25,2.7
8061,2022-01-26,5.8
8062,2022-01-27,10.0
8063,2022-01-28,7.8
8064,2022-01-29,12.1
8065,2022-01-30,6.7
8066,2022-01-31,6.9
8067,2022-02-01,11.6
8068,2022-02-02,11.0
8069,2022-02-03,10.0
8070,2022-02-04,7.9
8071,2022-02-05,8.4
8072,2022-02-06,9.2
8073,2022-02-07,8.2
8074,2022-02-08,11.5
8075,2022-02-09,11.3
8076,2022-02-10,7.3
8077,2022-02-11,6.9
8078,2022-02-12,7.1
8079,2022-02-13,9.0
8080,2022-02-14,8.5
8081,2022-02-15,8.7
8082,2022-02-16,14.5
8083,2022-02-17,10.0
8084,2022-02-18,10.0
8085,2022-02-19,7.0
8086,2022-02-20,11.4
8087,2022-02-21,10.0
8088,2022-02-22,11.9
8089,2022-02-23,9.5
8090,2022-02-24,7.3
8091,2022-02-25,9.3
8092,2022-02-26,9.3
8093,2022-02-27,8.4
8094,2022-02-28,10.8
8095,2022-03-01,9.0
8096,2022-03-02,6.5
8097,2022-03-03,10.9
8098,2022-03-04,8.1
8099,2022-03-05,5.7
8100,2022-03-06,5.3
8101,2022-03-07,5.3
8102,2022-03-08,9.8
8103,2022-03-09,11.4
8104,2022-03-10,13.6
8105,2022-03-11,10.7
8106,2022-03-12,11.0
8107,2022-03-13,10.5
